Age,Gender,City,Education_Level,Is_promoted,Attrition,Salary,Total Business Value,Rating,NumberOfDays
28,Male,C23,Master,No,1,57387.0,571860.0,2.0,78
43,Male,C13,Master,No,1,65603.0,70000.0,1.0,141
29,Male,C9,College,No,1,46368.0,40120.0,1.0,58
34,Male,C2,College,No,1,70656.0,0.0,1.0,57
35,Male,C23,Master,No,1,28116.0,434530.0,2.5,175
29,Male,C19,Master,Yes,1,119227.0,444045.2173913043,1.2608695652173914,2007
30,Female,C23,College,No,1,52963.0,173400.0,1.0,84
42,Male,C20,Master,No,1,51099.0,145377.14285714287,1.4285714285714286,502
27,Female,C17,Bachelor,No,1,31631.0,0.0,1.0,112
26,Female,C19,College,No,1,40342.0,0.0,1.0,127
33,Female,C29,Bachelor,No,1,22755.0,497325.0,2.2857142857142856,647
40,Male,C10,Master,No,1,31224.0,471218.125,2.875,702
30,Male,C24,Master,Yes,1,76308.0,410172.0,2.3,521
30,Male,C13,Master,No,1,30312.0,254634.0,1.6,369
31,Male,C6,Bachelor,No,1,69457.0,0.0,1.0,57
28,Female,C14,Bachelor,No,1,65813.0,119002.5,1.5,106
32,Male,C5,Bachelor,No,1,68070.0,100000.0,1.0,59
40,Female,C18,Bachelor,No,1,32865.0,305552.14285714284,2.0,393
33,Female,C14,Bachelor,No,1,57375.0,108336.66666666667,1.0,153
22,Male,C27,College,No,1,13427.0,0.0,1.0,99
32,Male,C15,College,No,1,59182.0,0.0,1.0,98
44,Female,C28,College,No,1,45988.0,198938.0,1.0,209
27,Female,C15,College,No,1,12906.0,179945.0,1.0,222
28,Male,C17,Master,No,1,62100.0,50036.666666666664,1.0,60
36,Female,C25,Master,No,1,42171.0,112763.33333333333,1.0,122
21,Male,C20,College,Yes,1,53039.0,138369.23076923078,1.2307692307692308,607
49,Female,C5,College,No,1,89367.0,55155.0,1.0,92
33,Male,C14,College,No,1,131347.0,319001.0,1.6,946
30,Female,C8,College,No,1,29985.0,0.0,1.0,114
36,Female,C1,Bachelor,Yes,1,84318.0,1199542.6315789474,3.0526315789473686,1091
41,Male,C4,College,No,1,57987.0,0.0,1.0,102
35,Female,C18,Bachelor,No,1,31644.0,44886.666666666664,1.0,82
32,Male,C11,Master,No,1,19818.0,-146433.33333333334,1.0,318
33,Male,C27,Master,No,1,66502.0,38788.0,1.0,139
28,Female,C7,Bachelor,No,1,69539.0,651032.2222222222,2.5,686
27,Female,C4,Master,No,0,104286.0,0.0,1.0,11
31,Female,C7,Bachelor,No,1,64604.0,421825.45454545453,1.8181818181818181,302
35,Male,C20,Bachelor,No,1,19235.0,0.0,1.0,113
43,Male,C20,Master,No,1,54103.0,94390.0,1.0,266
34,Female,C5,Master,No,1,59216.0,98711.66666666667,1.0,176
25,Female,C18,Master,No,1,39884.0,394321.6666666667,2.0,145
32,Male,C14,Bachelor,No,1,114648.0,0.0,1.0,31
38,Male,C9,Master,Yes,1,77177.0,313368.0,1.6,480
37,Female,C24,Bachelor,No,1,89013.0,0.0,1.0,109
34,Male,C23,Master,No,1,115159.0,75000.0,1.0,282
41,Male,C16,College,No,1,25950.0,579201.3333333334,2.4,427
35,Male,C2,Master,No,1,49510.0,0.0,1.0,244
45,Female,C3,College,No,1,62298.0,541478.3333333334,2.0,514
27,Male,C2,Bachelor,No,1,58977.0,408762.0,2.0,425
32,Male,C22,College,No,1,29408.0,108728.0,1.0,119
31,Male,C21,College,No,1,22731.0,40000.0,1.0,134
30,Male,C17,Master,No,1,39527.0,610060.0,2.0,204
28,Female,C14,Master,No,1,60874.0,0.0,1.0,38
34,Male,C12,Master,No,1,64953.0,0.0,1.0,133
24,Male,C16,College,Yes,1,59000.0,1259731.7647058824,3.0,497
29,Male,C23,College,No,1,38068.0,0.0,1.0,127
33,Male,C10,College,No,1,38945.0,351968.0,1.6,517
22,Female,C12,College,No,1,42270.0,0.0,1.0,76
26,Female,C28,Bachelor,No,1,68913.0,68047.5,1.0,216
38,Male,C4,College,No,1,67931.0,0.0,1.0,110
33,Female,C22,College,Yes,1,57671.0,563110.0,2.0,1163
34,Male,C9,Master,No,1,102142.0,378787.5,1.75,350
37,Male,C22,Master,No,1,121259.0,144058.33333333334,1.0,144
32,Female,C16,Bachelor,No,1,32663.0,41968.333333333336,1.0,151
51,Male,C13,Bachelor,Yes,1,73769.0,240871.11111111112,1.0,1009
42,Female,C10,College,No,1,47160.0,134088.0,1.6,116
21,Male,C11,College,No,1,16477.0,124110.0,1.3333333333333333,294
42,Female,C27,College,No,1,67904.0,21528.571428571428,1.0,189
31,Female,C29,Bachelor,No,1,71000.0,111544.0,1.0,128
26,Male,C14,Master,No,1,114258.0,0.0,1.0,182
33,Female,C13,Master,No,1,58885.0,0.0,1.0,78
43,Male,C24,Bachelor,No,1,41401.0,242684.44444444444,1.6666666666666667,352
32,Female,C10,Master,No,1,30847.0,174540.0,1.4285714285714286,358
33,Male,C28,Bachelor,No,1,84085.0,-23333.333333333332,1.0,302
37,Male,C28,Bachelor,No,1,39990.0,366088.75,1.375,193
38,Female,C19,Bachelor,Yes,1,79086.0,238214.54545454544,1.2727272727272727,2213
27,Male,C20,Master,No,1,43165.0,0.0,1.0,80
44,Female,C23,Master,No,1,46858.0,174622.0,1.6,298
37,Female,C10,College,No,1,47009.0,0.0,1.0,95
48,Male,C21,Master,No,1,34827.0,0.0,1.0,345
31,Male,C14,Bachelor,No,1,51850.0,0.0,1.0,35
35,Male,C22,Bachelor,No,1,65901.0,0.0,1.0,113
24,Male,C16,Bachelor,No,1,29807.0,61020.0,1.0,243
39,Male,C12,Master,No,1,24150.0,113520.0,1.0,302
26,Male,C28,Master,No,1,21933.0,0.0,1.0,97
35,Male,C13,Bachelor,No,1,75112.0,369456.0,2.2,129
36,Male,C9,Bachelor,No,1,85172.0,0.0,1.0,73
34,Female,C20,College,No,1,61913.0,0.0,1.0,96
30,Male,C15,College,No,1,89602.0,190034.0,1.0,128
31,Male,C17,College,Yes,1,31547.0,236620.0,1.5,378
37,Female,C22,Bachelor,No,1,148588.0,133890.9090909091,1.2727272727272727,402
30,Male,C21,Bachelor,No,1,47211.0,0.0,1.0,107
27,Male,C26,Bachelor,Yes,1,118363.0,801190.0,2.0,534
41,Female,C9,Bachelor,No,1,41046.0,0.0,1.0,243
26,Male,C22,Bachelor,No,1,45832.0,0.0,1.0,82
43,Female,C4,Bachelor,No,1,30121.0,448438.5714285714,2.2857142857142856,942
37,Male,C25,Master,No,1,35793.0,0.0,1.0,284
35,Male,C2,Bachelor,No,1,100064.0,0.0,1.0,60
29,Male,C6,College,No,1,25731.0,0.0,1.0,142
36,Female,C26,College,Yes,1,106171.0,577513.8888888889,1.5,528
25,Female,C21,Master,No,1,76307.0,0.0,1.0,91
26,Male,C18,Bachelor,No,1,35283.0,230924.0,1.6,431
33,Male,C14,Master,No,1,38409.0,436613.3333333333,2.5,578
35,Male,C7,Master,No,1,91458.0,397536.0,1.6,142
43,Female,C23,Bachelor,No,1,56242.0,495168.5714285714,1.8571428571428572,332
41,Female,C6,Master,Yes,1,101395.0,766550.0,2.7142857142857144,600
39,Female,C21,Bachelor,No,1,22065.0,594100.0,2.2,282
30,Male,C13,College,No,1,27889.0,3916.0,1.0,225
33,Male,C15,College,No,1,21276.0,0.0,1.0,86
30,Male,C4,Bachelor,No,1,43053.0,100000.0,1.0,179
23,Female,C7,College,No,1,36637.0,61111.11111111111,1.0,381
26,Female,C11,Master,No,1,24490.0,323356.0,1.6,344
34,Male,C29,Bachelor,Yes,1,95694.0,0.0,1.0,508
32,Male,C22,Master,No,1,25832.0,123760.0,1.4285714285714286,172
26,Female,C23,Master,No,1,43263.0,129114.28571428571,1.0,203
33,Female,C21,Master,No,1,62199.0,225790.0,1.75,84
29,Male,C1,College,Yes,1,82120.0,302071.25,1.375,992
34,Male,C26,Bachelor,No,1,20922.0,30320.0,1.0,133
35,Female,C1,College,No,1,108051.0,11089.09090909091,1.0,361
46,Male,C26,Master,Yes,1,59084.0,713072.8571428572,2.7142857142857144,657
30,Male,C8,College,No,1,54074.0,500000.0,2.5,106
27,Male,C18,College,No,1,19419.0,0.0,1.0,61
43,Male,C14,Bachelor,No,1,75001.0,164388.57142857142,1.4285714285714286,211
40,Male,C25,Bachelor,Yes,1,94594.0,220572.22222222222,1.0,2169
46,Male,C8,Bachelor,No,1,66707.0,0.0,1.0,211
38,Female,C5,College,No,1,42260.0,0.0,1.0,100
33,Female,C4,Master,No,1,84713.0,165672.9411764706,1.3529411764705883,497
31,Female,C14,College,Yes,1,68151.0,84307.5,1.0,480
32,Male,C29,College,No,1,61894.0,802430.0,1.75,343
31,Male,C16,Master,No,1,31657.0,75356.0,1.0,139
34,Female,C6,Master,No,1,81730.0,0.0,1.0,54
25,Female,C15,Bachelor,No,1,17307.0,158400.9090909091,1.5454545454545454,302
29,Male,C20,Bachelor,No,1,86340.0,540068.4615384615,2.3846153846153846,386
31,Male,C10,Bachelor,Yes,1,27328.0,975705.0,2.5,1131
35,Male,C5,College,No,1,51657.0,255031.81818181818,1.2727272727272727,550
37,Female,C18,Bachelor,Yes,1,107539.0,278445.0,1.3,2155
31,Male,C3,College,No,1,13051.0,0.0,1.0,21
26,Male,C2,College,No,1,92753.0,0.0,1.0,26
25,Male,C20,College,No,1,59108.0,389977.5,1.75,233
36,Female,C18,Bachelor,No,1,55528.0,167471.42857142858,1.0,174
44,Female,C29,Master,No,1,61912.0,904743.75,2.625,225
44,Male,C6,Master,No,1,53385.0,611183.5294117647,3.1176470588235294,1376
43,Male,C28,College,No,1,104995.0,1327490.0,1.7777777777777777,250
33,Male,C25,College,No,1,44359.0,448036.92307692306,2.3846153846153846,444
32,Male,C5,Bachelor,No,1,21354.0,0.0,1.0,75
34,Male,C15,Master,No,1,23185.0,0.0,1.0,202
39,Female,C16,College,No,1,37873.0,0.0,1.0,126
32,Male,C20,College,No,1,40168.0,82551.66666666667,1.0,164
24,Male,C1,College,No,1,33901.0,0.0,1.0,55
28,Male,C21,College,No,1,11236.0,0.0,1.0,65
39,Male,C20,Master,Yes,1,37346.0,309534.0,1.9,519
38,Male,C23,Master,No,1,77903.0,0.0,1.0,95
42,Male,C10,Bachelor,Yes,1,64128.0,253132.22222222222,1.6666666666666667,1006
39,Female,C4,College,No,1,27294.0,123980.0,1.6,131
21,Male,C10,College,No,1,25172.0,0.0,1.0,95
30,Male,C29,Bachelor,No,1,31655.0,50076.666666666664,1.0,56
29,Male,C24,Bachelor,No,1,47864.0,0.0,1.0,67
41,Female,C20,Master,No,1,90988.0,494548.125,1.9375,625
28,Female,C2,Bachelor,No,1,24862.0,171431.42857142858,1.4285714285714286,182
25,Male,C11,Master,No,1,49439.0,0.0,1.0,0
42,Male,C16,Bachelor,Yes,1,40102.0,426441.6666666667,1.5,600
35,Male,C5,College,No,1,89200.0,364389.0,1.4,280
30,Female,C6,Bachelor,No,1,54352.0,268289.3333333333,2.0,423
36,Male,C11,Bachelor,No,1,76336.0,65000.0,1.0,86
34,Male,C2,College,No,1,52191.0,176336.66666666666,1.0,878
28,Female,C2,College,No,1,41800.0,304014.44444444444,1.8888888888888888,243
32,Female,C6,Master,No,1,108013.0,482230.71428571426,1.4285714285714286,2314
29,Female,C21,College,No,1,57339.0,0.0,1.0,105
34,Male,C20,Master,No,1,42189.0,0.0,1.0,41
30,Female,C24,Bachelor,No,1,70781.0,30080.0,1.0,117
30,Female,C7,College,No,1,13605.0,0.0,1.0,105
25,Female,C5,Bachelor,No,1,66842.0,0.0,1.0,93
27,Female,C20,Master,No,1,49695.0,254648.0,1.6,457
33,Female,C29,Master,No,1,81858.0,0.0,1.0,24
28,Female,C11,Bachelor,No,1,45981.0,124470.0,1.0,842
29,Female,C8,College,No,1,35983.0,37615.0,1.0,171
38,Male,C20,College,No,1,70753.0,187721.25,1.0,217
36,Female,C28,College,No,1,25851.0,0.0,1.0,72
42,Male,C28,Bachelor,Yes,1,78645.0,0.0,1.0,1292
24,Male,C9,College,No,1,20176.0,0.0,1.0,166
37,Male,C26,College,Yes,1,81190.13636363637,2583608.1818181816,3.727272727272727,752
34,Male,C16,College,No,1,26047.0,0.0,1.0,191
31,Female,C15,College,No,1,96603.0,25008.333333333332,1.0,155
29,Female,C9,Master,No,1,50281.0,0.0,1.0,23
47,Male,C12,Master,No,1,42592.0,125000.0,1.0,149
34,Male,C5,Bachelor,No,1,59936.0,346389.3333333333,1.8,407
33,Female,C3,Bachelor,No,1,37890.0,0.0,1.0,94
30,Male,C27,Master,No,1,51819.0,0.0,1.0,66
26,Female,C25,Bachelor,No,1,29869.0,40416.666666666664,1.0,163
41,Female,C6,College,No,1,57245.0,66666.66666666667,1.0,161
26,Male,C15,Master,No,1,50739.0,13627.5,1.0,242
24,Male,C28,Master,No,1,69454.0,48500.0,1.0,81
38,Male,C3,Bachelor,No,1,26658.0,210405.0,1.75,328
35,Female,C28,Bachelor,No,1,54816.0,25000.0,1.0,258
39,Female,C15,Bachelor,No,1,35694.0,0.0,1.0,132
29,Male,C24,Master,No,1,51152.0,67180.0,1.0,27
44,Female,C6,Bachelor,No,1,45796.0,259392.0,1.6,224
29,Female,C9,College,No,1,58812.0,64658.0,1.0,125
45,Male,C10,Master,Yes,1,140769.0,478879.0,1.3,900
45,Female,C8,Master,No,1,62135.0,0.0,1.0,170
31,Male,C17,Bachelor,No,1,55937.0,152276.66666666666,1.25,333
35,Male,C16,College,No,1,33327.0,181520.0,1.0,228
44,Male,C18,Master,No,1,83084.0,852461.5384615385,2.3846153846153846,561
23,Male,C4,Bachelor,No,1,26563.0,30088.0,1.0,109
28,Male,C2,Bachelor,No,1,55938.0,0.0,1.0,41
30,Female,C2,Bachelor,No,1,92158.0,214446.0,1.0,118
36,Female,C15,College,Yes,1,57044.0,0.0,1.0,409
33,Male,C26,Master,No,1,56317.0,19400.0,1.0,143
33,Male,C10,Master,No,1,55441.0,0.0,1.0,67
43,Male,C24,College,No,1,39564.0,105346.66666666667,1.0,154
29,Female,C18,Master,No,1,33134.0,591058.695652174,2.8260869565217392,852
31,Female,C11,College,No,1,60555.0,0.0,1.0,89
34,Male,C22,Master,No,1,135879.0,395470.0,1.375,420
39,Female,C20,Bachelor,No,1,58347.0,156725.0,1.0,115
33,Male,C21,College,No,1,13743.0,111040.0,1.0,183
30,Male,C21,Master,No,1,67650.0,167031.0,1.0,284
27,Male,C13,Master,No,1,35727.0,91234.0,1.6,114
24,Female,C22,College,No,1,44740.0,0.0,1.0,107
32,Male,C20,College,No,1,28186.0,0.0,1.0,83
33,Female,C26,College,No,1,82259.0,32760.0,1.0,179
29,Female,C23,Master,No,1,38569.0,565848.75,2.125,230
30,Male,C13,Master,No,1,29106.0,331512.0,1.9,515
40,Female,C17,College,No,0,43969.0,336032.0,2.0,531
25,Female,C27,Bachelor,No,1,52364.0,252414.44444444444,1.6666666666666667,337
45,Female,C18,Bachelor,Yes,1,137082.0,652867.7777777778,1.6666666666666667,1678
29,Female,C22,Master,No,1,45245.0,88586.66666666667,1.0,843
30,Female,C15,Master,No,1,45923.0,66666.66666666667,1.0,154
32,Female,C22,Master,No,1,70428.0,0.0,1.0,95
34,Female,C20,Bachelor,No,1,84850.0,0.0,1.0,66
27,Male,C12,Master,No,1,73194.0,153942.5,1.375,225
30,Male,C5,Master,No,1,40604.0,230057.5,1.75,193
38,Female,C23,College,No,1,76069.0,184270.0,1.0,332
35,Male,C1,College,No,1,41553.0,369885.55555555556,2.0,339
34,Male,C14,Master,No,1,25028.0,292215.0,1.75,351
42,Male,C12,Master,No,1,38625.0,0.0,1.0,300
39,Male,C24,Bachelor,No,1,57225.0,152457.5,1.0,266
28,Female,C1,Bachelor,No,1,52572.0,61550.0,1.0,384
32,Female,C25,College,Yes,1,97153.0,536624.0,1.85,920
35,Female,C27,College,No,1,92559.0,0.0,1.0,152
30,Male,C15,Bachelor,Yes,1,74051.0,308530.8333333333,1.75,1605
26,Male,C13,Master,No,1,38390.0,0.0,1.0,138
40,Male,C4,Master,Yes,1,93113.0,429224.0,2.2,1426
36,Male,C20,College,No,1,43083.0,271463.3333333333,1.5,1149
39,Male,C17,College,No,1,74684.0,265252.0,1.6,400
34,Male,C24,Master,No,1,65053.0,88193.75,1.375,409
37,Male,C8,College,Yes,1,120771.0,0.0,1.0,21
31,Male,C28,College,No,1,14489.0,52500.0,1.0,83
35,Male,C14,College,No,1,17047.0,190712.72727272726,1.8181818181818181,320
36,Male,C13,Master,No,1,78656.0,238658.0,1.6,147
29,Male,C22,College,No,1,63479.0,551994.0,2.2,344
28,Male,C24,Master,Yes,1,128590.0,2792047.777777778,3.0,828
43,Female,C9,Master,Yes,1,81206.0,694008.0,2.5,366
27,Male,C3,Bachelor,No,1,60246.0,410318.0,2.2,303
32,Male,C23,Master,No,1,73933.0,0.0,1.0,46
31,Female,C3,Bachelor,No,1,55108.0,0.0,1.0,93
32,Male,C8,College,No,1,33956.0,0.0,1.0,20
41,Female,C16,Master,Yes,1,123390.0,0.0,1.0,2097
45,Male,C19,College,Yes,1,104473.0,336393.0,1.6,2181
30,Female,C17,Master,No,1,45357.0,0.0,1.0,71
34,Female,C26,Bachelor,No,1,45193.0,0.0,1.0,22
29,Female,C15,College,No,1,37575.0,379496.6666666667,1.8888888888888888,236
31,Female,C8,College,No,1,53577.0,160910.0,1.5714285714285714,185
39,Male,C24,Bachelor,No,1,47419.0,58930.0,1.0,56
33,Male,C27,Master,No,1,86072.0,145735.0,1.3,265
34,Female,C8,Master,No,1,87438.0,440725.45454545453,2.0,676
23,Female,C23,College,No,1,64179.0,0.0,1.0,58
32,Male,C29,College,No,1,83926.0,0.0,1.0,86
31,Male,C13,Master,No,1,26067.0,0.0,1.0,103
31,Male,C1,College,No,1,39660.0,0.0,1.0,104
38,Male,C12,College,No,1,59318.0,0.0,1.0,50
25,Female,C16,Bachelor,No,1,62431.0,0.0,1.0,192
32,Male,C10,Bachelor,No,1,45068.0,0.0,1.0,168
43,Male,C11,Bachelor,No,1,42714.0,423936.0,2.2,313
27,Female,C16,College,No,1,22918.0,122034.0,1.3,279
39,Male,C19,Bachelor,No,1,29312.0,282162.0,1.6,362
31,Female,C20,Bachelor,No,1,39164.0,0.0,1.0,121
23,Female,C20,Master,No,1,22947.0,0.0,1.0,81
29,Male,C12,Master,No,1,68341.0,511121.53846153844,3.076923076923077,959
43,Male,C10,Bachelor,Yes,1,56611.0,552093.3333333334,2.2857142857142856,1886
29,Female,C4,College,No,1,26562.0,0.0,1.0,130
38,Female,C10,College,Yes,1,31674.0,428748.75,1.875,1516
39,Male,C12,Bachelor,No,1,35091.0,0.0,1.0,23
43,Male,C28,Master,Yes,1,80716.0,587041.7647058824,2.411764705882353,569
31,Female,C12,Master,No,1,49475.0,366043.8461538461,2.230769230769231,364
25,Male,C2,Master,No,1,41638.0,0.0,1.0,89
36,Female,C19,College,No,1,23107.0,0.0,1.0,189
23,Male,C15,Bachelor,No,1,20170.0,83333.33333333333,1.0,133
29,Female,C16,Bachelor,No,1,65035.0,21291.428571428572,1.0,173
39,Male,C12,Bachelor,No,1,103119.0,759644.0,1.6,518
23,Male,C5,Bachelor,No,1,49888.0,0.0,1.0,154
44,Female,C21,College,No,1,42544.0,297923.3333333333,2.0,362
32,Female,C15,Bachelor,No,1,49653.0,243734.44444444444,1.6666666666666667,1495
24,Male,C26,College,No,1,55804.0,28985.0,1.0,86
39,Male,C6,Bachelor,Yes,1,29231.0,477690.6666666667,2.6,1558
43,Female,C8,Bachelor,No,1,40777.0,0.0,1.0,65
35,Female,C20,Master,No,1,22793.0,193500.0,1.0,279
26,Female,C29,College,No,1,10747.0,0.0,1.0,53
51,Female,C1,Master,No,1,59796.0,0.0,1.0,77
45,Female,C15,Master,No,1,52199.0,208446.66666666666,1.5,286
36,Male,C29,Bachelor,No,1,83253.0,0.0,1.0,28
27,Female,C23,Bachelor,No,1,98996.0,994010.0,1.4615384615384615,366
36,Male,C26,Master,Yes,1,109652.0,528903.3333333334,2.3333333333333335,1922
39,Male,C9,College,No,1,31056.0,128473.75,1.375,230
33,Male,C22,Bachelor,No,1,106727.0,357040.0,1.5,273
34,Male,C23,Bachelor,Yes,1,86823.0,852858.5714285715,1.6428571428571428,908
33,Male,C10,College,No,1,51086.0,322345.71428571426,1.8571428571428572,177
32,Female,C9,College,No,1,12934.0,45312.5,1.0,122
37,Male,C28,Master,No,1,31137.0,0.0,1.0,55
35,Male,C1,Bachelor,No,1,35731.0,40000.0,1.0,116
38,Male,C27,Bachelor,Yes,1,77182.0,749753.0434782609,1.7826086956521738,1906
27,Male,C26,Master,No,1,35112.0,163453.33333333334,1.5,158
36,Male,C24,College,Yes,1,109296.0,0.0,1.0,943
26,Male,C1,Master,Yes,1,71812.0,254166.5,1.45,1265
43,Male,C8,Bachelor,No,1,43720.0,230864.0,1.3,283
42,Male,C14,Master,Yes,1,50345.0,653398.0952380953,2.2857142857142856,1890
29,Female,C26,Bachelor,No,1,62542.0,0.0,1.0,76
24,Female,C2,Bachelor,No,1,20886.0,212640.0,1.0,72
43,Male,C13,Master,No,1,84481.0,118050.0,1.0,239
32,Male,C12,Bachelor,No,1,44273.0,0.0,1.0,132
36,Male,C24,Master,No,1,19649.0,115496.0,1.0,176
38,Female,C11,Bachelor,Yes,1,55263.0,478945.0,2.0714285714285716,1626
29,Female,C6,College,No,1,52465.0,0.0,1.0,168
34,Female,C20,College,Yes,1,73359.0,313432.7272727273,1.5454545454545454,835
38,Male,C1,Master,No,1,31340.0,50625.0,1.0,98
35,Male,C10,Master,No,1,50504.0,352781.5,2.35,799
29,Female,C2,College,No,1,31890.0,280428.3333333333,1.1666666666666667,175
26,Male,C28,Master,No,1,54026.0,0.0,1.0,65
39,Male,C13,College,No,1,70144.0,63610.0,1.0,148
30,Female,C22,College,No,1,68356.0,40426.666666666664,1.0,171
29,Female,C14,Master,No,1,108091.0,26428.333333333332,1.0,176
35,Male,C29,Bachelor,No,1,46169.0,0.0,1.0,29
30,Female,C5,Master,Yes,1,70570.0,226185.7142857143,1.4285714285714286,730
28,Female,C1,College,Yes,1,51593.0,195210.0,1.0,1254
41,Female,C4,College,No,1,14989.0,0.0,1.0,82
28,Female,C13,College,No,1,17660.0,235430.0,1.4285714285714286,183
38,Male,C23,College,No,1,86336.0,448386.6666666667,2.4444444444444446,252
29,Male,C12,College,No,1,66483.0,209824.0,1.6,256
38,Female,C9,Bachelor,No,1,78135.0,392294.44444444444,1.6666666666666667,265
28,Male,C2,Bachelor,No,1,115293.0,269111.4285714286,1.4285714285714286,170
33,Female,C19,Bachelor,Yes,1,39119.0,188426.0,1.0,1085
28,Male,C9,College,No,1,49553.0,0.0,1.0,48
30,Male,C15,College,No,1,64842.0,200255.0,1.375,191
33,Female,C10,College,No,1,114230.0,269067.2727272727,1.5454545454545454,303
27,Female,C27,Bachelor,No,1,38764.0,340744.0,2.0,484
23,Male,C26,Master,No,1,83294.0,249070.0,1.6666666666666667,225
33,Female,C9,Master,No,1,46186.0,170056.0,1.6,217
30,Female,C23,Master,No,1,49664.0,0.0,1.0,69
32,Female,C10,Bachelor,No,1,39216.0,0.0,1.0,104
31,Male,C17,College,No,0,29685.0,50000.0,1.0,90
30,Male,C1,College,No,1,13653.0,282120.0,1.75,347
22,Female,C10,Bachelor,No,1,36474.0,539694.5454545454,2.3636363636363638,392
33,Male,C23,Master,Yes,1,54056.0,540279.2857142857,2.7142857142857144,623
41,Male,C6,Master,Yes,1,54520.0,319377.5,1.75,684
29,Female,C4,Master,No,1,101494.0,35640.0,1.0,93
23,Female,C29,Bachelor,No,1,57931.0,0.0,1.0,107
31,Male,C12,Bachelor,No,1,49936.0,313460.0,1.6,158
35,Male,C24,College,No,1,18788.0,0.0,1.0,93
36,Male,C17,Bachelor,No,1,35219.0,493102.0,1.6,222
43,Female,C15,College,No,1,38624.0,72725.0,1.0,123
34,Female,C28,College,No,1,51781.0,165040.0,1.0,349
36,Female,C3,Master,No,1,48059.0,42134.0,1.0,143
29,Male,C28,Master,No,1,54358.0,71072.0,1.0,123
31,Male,C28,Bachelor,No,1,130429.0,75000.0,1.0,113
44,Male,C20,College,No,1,95388.0,0.0,1.0,633
26,Female,C8,Bachelor,No,1,105931.0,188861.25,1.0,230
28,Female,C8,Master,Yes,1,110445.0,192000.0,1.6,124
33,Female,C10,Master,No,1,57888.0,0.0,1.0,45
32,Male,C14,Bachelor,No,1,35584.0,0.0,1.0,100
34,Female,C12,Bachelor,No,1,41298.0,401340.0,1.75,231
33,Male,C20,Bachelor,No,1,112322.0,0.0,1.0,256
44,Female,C1,College,No,1,64702.0,26627.5,1.0,200
22,Male,C4,College,No,1,36116.0,0.0,1.0,43
35,Male,C13,College,No,1,40926.0,85886.0,1.0,119
32,Female,C13,Master,No,1,54903.0,0.0,1.0,54
24,Female,C7,College,No,1,15327.0,0.0,1.0,12
27,Male,C21,Bachelor,No,1,97203.0,0.0,1.0,90
31,Male,C8,Master,No,1,78143.0,695608.3333333334,2.0,265
29,Female,C3,Bachelor,No,1,45969.0,461818.0,2.2,297
32,Male,C11,Master,No,1,42368.0,25170.0,1.0,102
30,Male,C18,Master,No,1,77011.0,133120.0,1.0,121
33,Female,C14,Bachelor,No,1,38546.0,33333.333333333336,1.0,141
48,Female,C29,Bachelor,Yes,1,71072.0,311098.0,1.0,1444
36,Female,C3,Master,Yes,1,127380.0,608258.8888888889,1.3333333333333333,1883
41,Female,C17,Master,No,1,55762.0,323438.0,1.6,216
23,Female,C20,College,No,1,30083.0,375085.0,2.5,119
28,Female,C1,Master,No,1,62909.0,143333.33333333334,1.0,176
32,Male,C18,College,No,1,13037.0,0.0,1.0,57
45,Female,C14,Bachelor,Yes,1,22931.0,286318.8888888889,1.6666666666666667,464
28,Female,C10,Bachelor,No,1,17186.0,0.0,1.0,78
45,Female,C14,College,No,1,49509.0,116122.0,1.0,159
30,Female,C7,College,No,1,59241.0,0.0,1.0,31
32,Male,C23,Bachelor,No,1,31831.0,140240.0,1.0,457
31,Female,C16,Master,No,1,82632.0,249750.0,1.5,115
26,Male,C17,Master,No,1,57667.0,61702.0,1.0,123
26,Female,C10,College,No,1,79461.0,0.0,1.0,123
29,Female,C10,Bachelor,No,1,31052.0,356446.6666666667,2.0,636
42,Female,C3,Master,No,1,85450.0,1012250.9090909091,3.090909090909091,645
37,Female,C20,College,No,1,113807.0,0.0,1.0,174
28,Male,C11,Master,Yes,1,103494.0,1245246.3636363635,2.909090909090909,1300
40,Male,C20,Master,No,1,130781.0,0.0,1.0,102
35,Male,C27,College,No,1,70677.0,0.0,1.0,60
31,Female,C4,Master,No,1,58323.0,368442.5,1.75,328
38,Female,C19,College,No,1,97116.0,103538.0,1.0,122
31,Male,C13,Bachelor,No,1,135436.0,0.0,1.0,328
34,Male,C13,Master,No,1,81352.0,254175.0,1.25,338
37,Male,C9,Bachelor,No,1,37839.0,344840.0,1.6,176
31,Female,C1,Master,No,1,36430.0,0.0,1.0,82
29,Male,C20,College,No,1,19456.0,42288.0,1.0,123
29,Female,C18,Bachelor,No,1,51497.0,258936.66666666666,1.6666666666666667,986
38,Male,C22,Master,No,1,44720.0,162097.5,1.75,214
33,Male,C28,College,No,1,40531.0,0.0,1.0,57
35,Female,C2,College,No,1,19290.0,76306.66666666667,1.0,163
38,Female,C12,Bachelor,No,1,110490.0,241666.66666666666,1.5,155
26,Female,C15,Master,No,1,81944.0,133024.0,1.0,217
26,Male,C8,Bachelor,No,1,41980.0,0.0,1.0,39
30,Female,C20,College,Yes,1,108768.0,76430.0,1.4,690
33,Male,C13,Bachelor,No,1,84637.0,0.0,1.0,86
36,Male,C10,College,No,0,73273.0,0.0,1.0,118
26,Male,C20,Master,No,1,43322.0,190067.5,1.75,555
30,Male,C11,Master,No,1,62042.0,0.0,1.0,12
32,Female,C17,Bachelor,Yes,1,58943.0,548040.8333333334,2.5,1101
36,Male,C8,Bachelor,No,0,25894.0,0.0,1.0,33
29,Female,C4,Bachelor,No,1,57476.0,97682.0,1.0,96
34,Male,C27,College,Yes,1,63181.0,468930.0,1.3333333333333333,804
33,Male,C15,Bachelor,No,1,54288.0,310105.8333333333,1.75,332
41,Male,C26,Bachelor,No,1,87182.0,0.0,1.0,120
23,Male,C10,Master,No,1,69449.0,0.0,1.0,21
37,Female,C26,Bachelor,No,1,18285.0,128863.33333333333,1.0,103
39,Female,C2,College,Yes,1,85693.0,352744.54545454547,1.2727272727272727,892
23,Female,C26,Bachelor,No,1,87853.0,955050.0,3.0,232
25,Male,C26,College,No,0,18544.0,250044.2857142857,1.8571428571428572,180
36,Male,C5,Bachelor,No,1,45071.0,0.0,1.0,18
29,Male,C29,College,No,1,51600.0,0.0,1.0,96
37,Female,C8,Bachelor,No,1,63587.0,259837.14285714287,1.8571428571428572,175
29,Female,C22,Master,No,1,70816.0,180660.0,1.375,238
30,Male,C9,Bachelor,No,1,38990.0,137395.0,1.0,394
35,Female,C23,Master,No,1,23182.0,0.0,1.0,80
40,Female,C23,Master,No,1,82503.0,79176.66666666667,1.0,220
48,Male,C3,Master,Yes,1,76195.0,465849.28571428574,2.0714285714285716,1536
41,Male,C17,Master,No,1,100303.0,0.0,1.0,29
33,Male,C26,Bachelor,No,1,75467.0,143396.42857142858,1.2142857142857142,421
30,Male,C12,Bachelor,No,1,40253.0,324850.5882352941,1.5294117647058822,555
31,Female,C19,Master,No,1,48639.0,0.0,1.0,69
33,Male,C21,Master,No,1,60252.0,616508.5714285715,2.2857142857142856,1508
32,Male,C26,Master,No,1,50434.0,535397.0,2.5,1420
33,Male,C24,Master,No,1,29689.0,238690.0,1.6,278
37,Male,C27,College,No,1,34849.0,0.0,1.0,133
33,Female,C21,Bachelor,No,1,30951.0,91296.0,1.0,113
35,Male,C6,College,No,1,49614.0,88358.57142857143,1.4285714285714286,194
27,Male,C11,Master,No,1,62232.0,0.0,1.0,106
29,Male,C23,Master,No,1,46600.0,371075.45454545453,1.5454545454545454,294
24,Male,C16,Bachelor,No,1,17676.0,220357.14285714287,1.4285714285714286,167
32,Female,C25,Bachelor,No,1,81547.0,0.0,1.0,68
32,Male,C15,Bachelor,No,1,49914.0,0.0,1.0,121
29,Male,C26,Master,No,1,66017.0,201024.0,1.0,128
31,Male,C15,Master,No,1,42395.0,0.0,1.0,117
32,Female,C27,College,No,1,31787.0,0.0,1.0,36
31,Female,C22,Master,No,1,26850.0,117162.85714285714,1.0,179
38,Male,C14,Master,No,1,59166.0,529442.3529411765,2.764705882352941,724
28,Female,C12,Master,Yes,1,113120.0,429498.75,1.375,1471
31,Female,C23,College,No,1,42601.0,0.0,1.0,75
27,Male,C24,College,Yes,1,70740.0,133015.7142857143,1.0,430
32,Male,C28,Master,No,1,67113.0,97110.0,1.0,93
37,Female,C15,College,No,1,55313.0,104688.0,1.0,117
26,Male,C3,Master,Yes,1,80746.0,329664.44444444444,1.6666666666666667,422
31,Male,C2,Master,No,1,42588.0,90536.66666666667,1.5,142
41,Male,C29,College,No,1,63636.0,490438.0,1.6,474
41,Female,C11,Master,No,1,52632.0,50535.0,1.0,130
47,Male,C16,College,No,1,53383.0,80908.33333333333,1.0,147
33,Female,C20,Bachelor,No,1,58199.0,0.0,1.0,90
36,Male,C18,Bachelor,Yes,1,121419.0,2040167.142857143,2.857142857142857,1672
28,Female,C15,Bachelor,Yes,1,56035.0,717214.2105263158,2.5789473684210527,865
30,Male,C26,College,No,1,21212.0,30032.0,1.0,112
46,Male,C28,Bachelor,No,1,22019.0,207622.85714285713,1.8571428571428572,195
29,Male,C12,Bachelor,No,1,40409.0,0.0,1.0,168
33,Female,C20,Bachelor,No,1,77903.0,367014.0,1.8,123
35,Male,C1,Master,Yes,1,113038.0,382411.6666666667,1.0,1807
34,Male,C13,Bachelor,No,1,39131.0,50925.0,1.0,67
23,Male,C21,Bachelor,No,1,70731.0,0.0,1.0,69
33,Female,C13,College,No,1,29584.0,0.0,1.0,111
35,Male,C17,College,No,1,83524.0,0.0,1.0,81
36,Female,C22,College,Yes,1,87661.0,668231.5384615385,2.1538461538461537,1365
37,Male,C21,Bachelor,No,1,75541.0,84025.0,1.0,147
23,Male,C17,Master,No,1,26151.0,224358.0,1.6,141
38,Male,C20,College,No,1,45269.0,189320.0,1.0,237
31,Female,C29,Master,No,1,40295.0,21001.666666666668,1.0,128
36,Female,C27,Bachelor,Yes,1,91602.0,0.0,1.0,72
46,Male,C2,College,No,1,29151.0,127320.0,1.5,169
24,Female,C28,College,No,1,34497.0,-161287.5,1.0,128
36,Male,C8,College,No,1,28575.0,69637.14285714286,1.0,204
37,Female,C27,College,No,1,52753.0,0.0,1.0,69
32,Male,C28,Master,No,1,19791.0,0.0,1.0,77
32,Female,C28,Master,Yes,1,134302.0,1823323.888888889,2.7222222222222223,493
37,Male,C24,College,No,1,75133.0,0.0,1.0,91
22,Female,C25,College,Yes,1,39442.0,347323.75,1.75,398
32,Male,C21,College,No,1,94770.0,0.0,1.0,158
38,Male,C8,College,Yes,1,55443.0,369502.85714285716,1.4285714285714286,363
32,Male,C16,College,No,1,61069.0,634360.0,2.0,298
29,Male,C13,College,Yes,1,94945.0,64438.57142857143,1.0,2535
32,Male,C27,College,No,1,50863.0,50120.0,1.0,113
36,Female,C2,Master,No,1,31954.0,0.0,1.0,131
24,Male,C14,Bachelor,No,1,23745.0,246244.61538461538,1.4615384615384615,359
32,Female,C5,College,No,1,43463.0,299757.5,2.25,1117
34,Female,C3,College,No,1,51725.0,580596.6666666666,2.25,825
36,Male,C28,College,No,1,45342.0,0.0,1.0,67
30,Male,C14,Master,No,1,34868.0,38731.42857142857,1.0,170
32,Female,C18,Master,No,1,22680.0,181165.0,1.0,187
51,Male,C4,Bachelor,No,1,38502.0,1032020.0,3.25,152
29,Male,C20,College,No,1,28565.0,102366.66666666667,1.0,273
31,Female,C8,Bachelor,No,1,41382.0,150624.44444444444,1.3333333333333333,320
31,Male,C1,College,No,1,43831.0,0.0,1.0,116
35,Female,C20,Bachelor,No,1,39104.0,0.0,1.0,93
45,Male,C4,Bachelor,Yes,1,33883.0,476970.0,2.1363636363636362,720
48,Male,C19,Bachelor,No,1,58807.0,246733.33333333334,1.0,250
35,Male,C2,Master,No,1,44326.0,382192.0,2.5,393
38,Male,C8,College,No,1,65995.0,0.0,1.0,112
26,Female,C5,Master,No,1,45234.0,0.0,1.0,94
46,Male,C2,College,No,1,18512.0,264395.0,2.0,1290
25,Male,C15,College,No,1,30136.0,0.0,1.0,44
24,Male,C22,Master,No,1,60391.0,152295.7142857143,1.8571428571428572,207
25,Female,C4,Master,No,1,20379.0,0.0,1.0,6
28,Female,C13,Master,No,1,39854.0,0.0,1.0,86
30,Male,C1,College,No,0,46117.0,0.0,1.0,48
34,Female,C11,Master,No,1,55630.0,0.0,1.0,63
34,Female,C25,Bachelor,No,1,47484.0,101193.33333333333,1.0,138
31,Female,C29,Master,No,1,70339.0,0.0,1.0,28
24,Male,C24,Master,No,1,60056.0,359868.1818181818,2.0,546
28,Male,C29,Master,No,1,61371.0,188380.0,1.5,167
32,Female,C2,College,No,1,67236.0,0.0,1.0,20
31,Male,C4,Bachelor,No,1,20245.0,0.0,1.0,170
37,Female,C7,Master,No,1,37285.0,-101180.0,1.0,78
28,Female,C12,College,No,1,59393.0,612468.8888888889,2.2222222222222223,265
38,Female,C20,College,No,1,23823.0,1617697.5,3.25,302
32,Male,C13,College,Yes,1,36846.0,104526.0,1.0,371
34,Female,C4,Master,No,1,70330.0,183031.66666666666,1.5,147
44,Female,C22,College,Yes,1,87153.0,452382.14285714284,1.2142857142857142,1671
23,Female,C22,Master,No,1,69972.0,70540.0,1.1666666666666667,169
35,Female,C14,Bachelor,No,1,100893.0,87220.0,1.0,143
29,Male,C28,Master,No,1,40688.0,0.0,1.0,68
36,Female,C20,College,Yes,1,93093.0,297727.14285714284,1.4285714285714286,739
29,Female,C6,Bachelor,No,1,74402.0,163956.66666666666,1.0,160
35,Female,C12,Master,No,1,24634.0,0.0,1.0,63
25,Female,C24,Master,No,1,31392.0,0.0,1.0,35
40,Male,C13,College,No,1,70478.0,0.0,1.0,255
25,Male,C13,College,No,1,17253.0,0.0,1.0,96
33,Male,C10,Master,No,1,99893.0,0.0,1.0,70
35,Male,C22,College,No,1,50799.0,45822.857142857145,1.0,176
42,Female,C26,Master,No,1,35996.0,0.0,1.0,53
37,Male,C9,Bachelor,No,1,45278.0,0.0,1.0,36
30,Male,C8,College,No,1,46679.0,0.0,1.0,157
42,Male,C20,Master,Yes,1,74516.0,919037.5,2.5,1079
45,Male,C11,Master,No,1,59526.0,0.0,1.0,87
26,Male,C4,Bachelor,No,1,20785.0,127382.0,1.0,225
38,Male,C4,College,No,1,83350.0,0.0,1.0,61
26,Male,C29,Master,No,1,61982.0,100910.0,1.0,63
52,Male,C1,College,Yes,1,47194.0,282594.28571428574,1.4285714285714286,1252
23,Female,C8,Bachelor,No,1,30461.0,507470.0,2.2,271
38,Female,C7,Bachelor,No,1,33721.0,69494.0,1.0,128
30,Female,C16,Bachelor,No,1,28297.0,1072510.0,3.3076923076923075,382
32,Male,C12,Master,No,1,60185.0,277465.0,1.75,109
28,Female,C23,Master,No,1,41620.0,287511.25,2.0,207
35,Male,C27,Master,No,1,49277.0,0.0,1.0,71
28,Male,C22,Master,Yes,1,53058.0,976682.5,2.3125,694
27,Male,C25,Bachelor,No,1,49031.0,140882.22222222222,1.6666666666666667,1004
32,Male,C20,Master,No,1,39502.0,384897.5,1.75,485
31,Male,C17,Bachelor,Yes,1,69418.0,212121.66666666666,1.0,1125
37,Male,C6,Master,No,1,46134.0,106780.0,1.0,264
27,Male,C14,College,No,1,40654.0,276210.0,1.8571428571428572,616
32,Male,C19,College,No,1,37617.0,206606.0,1.6,356
27,Female,C3,Master,No,1,56016.0,0.0,1.0,148
37,Female,C25,Master,Yes,1,127070.0,182960.0,1.3333333333333333,596
29,Male,C3,College,No,1,58277.0,64773.333333333336,1.0,67
28,Male,C18,College,No,1,11706.0,114092.0,1.0,255
31,Male,C14,College,No,1,58588.0,84892.0,1.0,166
30,Female,C8,College,No,1,58540.0,0.0,1.0,189
30,Male,C20,Master,No,1,87810.0,96480.0,1.0,194
23,Male,C27,Bachelor,No,1,33831.0,0.0,1.0,102
40,Female,C19,College,No,1,65464.0,182665.55555555556,1.0,255
33,Female,C27,Bachelor,Yes,1,120188.0,1894071.3636363635,2.772727272727273,2562
30,Male,C12,Master,No,1,76776.0,138787.5,1.0,97
39,Male,C8,College,No,1,50281.0,0.0,1.0,96
47,Female,C12,Master,Yes,1,82704.0,239810.0,1.5,1348
41,Female,C14,Master,No,1,57869.0,266496.6666666667,1.6666666666666667,1466
38,Male,C24,Bachelor,No,1,22245.0,100000.0,1.25,105
37,Male,C29,College,No,1,25106.0,0.0,1.0,133
27,Male,C26,Master,No,1,79926.0,184651.25,1.75,188
27,Female,C19,Master,No,1,24582.0,0.0,1.0,29
25,Female,C19,Bachelor,No,1,27607.0,0.0,1.0,20
26,Male,C15,Master,No,1,63844.0,0.0,1.0,105
28,Male,C2,Master,No,1,20101.0,0.0,1.0,109
27,Male,C12,College,No,1,41705.0,270849.1666666667,1.5,334
36,Female,C7,Master,No,1,51680.0,505857.36842105264,1.9473684210526316,706
39,Female,C17,Master,No,1,32263.0,0.0,1.0,92
31,Male,C4,Bachelor,No,1,21543.0,51037.5,1.0,81
32,Male,C11,Master,No,1,62748.0,0.0,1.0,39
38,Female,C18,Bachelor,No,1,49443.0,40700.0,1.0,150
33,Male,C2,Master,Yes,1,76198.0,952663.6363636364,2.4545454545454546,2236
37,Female,C1,Master,No,1,52668.0,0.0,1.0,119
27,Male,C26,Master,No,1,37278.0,546005.0,2.3333333333333335,772
33,Male,C6,Master,No,1,70772.0,125000.0,1.0,259
36,Female,C7,College,No,1,47696.0,125765.0,1.0,176
28,Male,C2,Master,No,1,45330.0,43960.0,1.0,292
32,Male,C29,Bachelor,No,1,80290.0,0.0,1.0,156
26,Male,C10,Bachelor,No,1,24932.0,0.0,1.0,149
29,Female,C5,College,No,1,69071.0,0.0,1.0,41
36,Male,C20,Master,No,1,82503.0,386893.8461538461,1.6923076923076923,383
33,Male,C27,College,No,1,104966.0,0.0,1.0,309
46,Male,C4,Master,Yes,1,76467.0,369803.3333333333,1.3333333333333333,2187
40,Male,C6,Master,Yes,1,68596.0,498852.5,1.0,1089
36,Female,C6,College,No,1,55834.0,149168.57142857142,1.4285714285714286,201
26,Male,C16,Master,No,1,55648.0,386105.0,2.3636363636363638,1421
39,Male,C14,Bachelor,No,1,52480.0,0.0,1.0,203
29,Male,C13,Bachelor,No,1,51837.0,163161.25,1.375,217
40,Male,C20,College,No,1,84873.0,30132.0,1.0,138
35,Male,C9,Bachelor,No,1,47594.0,0.0,1.0,305
24,Female,C5,Master,No,1,55551.0,-48480.0,1.0,271
34,Female,C27,Bachelor,No,1,35079.0,72400.0,1.0,143
26,Female,C28,Bachelor,No,1,60417.0,0.0,1.0,105
29,Male,C1,Master,No,1,49521.0,117505.0,1.0,146
35,Female,C3,Master,No,1,62637.0,431156.0,1.6,212
34,Male,C25,Bachelor,No,1,94519.0,0.0,1.0,109
37,Male,C11,Master,No,1,60905.0,0.0,1.0,65
30,Female,C22,Master,No,1,45720.0,660038.0,2.8,644
29,Female,C16,College,No,1,36118.0,518346.6666666667,2.5714285714285716,953
40,Female,C8,College,No,1,56347.0,167892.85714285713,1.4285714285714286,348
23,Female,C20,Master,No,1,30442.0,118796.25,1.375,447
26,Male,C14,College,No,1,73363.0,0.0,1.0,53
40,Male,C10,Bachelor,No,1,41591.0,145254.2857142857,1.4285714285714286,212
32,Male,C25,Master,No,1,26592.0,237156.25,2.125,353
31,Male,C7,Master,No,1,73245.0,0.0,1.0,81
26,Male,C1,Master,No,1,40318.0,0.0,1.0,113
32,Female,C7,Master,No,1,73594.0,1324528.5714285714,3.5714285714285716,194
42,Male,C6,College,No,1,59168.0,419700.0,2.0,290
32,Male,C15,Bachelor,No,1,47188.0,193180.0,1.75,188
26,Male,C18,Bachelor,No,1,41167.0,0.0,1.0,70
38,Female,C13,Master,No,1,27432.0,323194.0,1.6,236
35,Male,C9,Master,No,1,50769.0,100385.55555555556,1.0,234
34,Male,C26,Master,No,1,52990.0,138110.0,1.0,180
30,Male,C18,Bachelor,No,1,80591.0,0.0,1.0,20
42,Female,C20,Bachelor,Yes,1,55112.0,668000.0,2.8461538461538463,1346
38,Male,C25,Bachelor,No,1,43747.0,0.0,1.0,21
32,Male,C6,College,Yes,1,73087.0,789555.8333333334,3.0,557
26,Male,C4,Bachelor,No,1,46464.0,0.0,1.0,112
24,Female,C19,College,Yes,1,68309.0,201953.33333333334,1.0,296
32,Female,C27,Master,No,1,44062.0,79896.66666666667,1.0,151
33,Male,C19,Bachelor,No,1,112066.0,348225.0,1.625,209
35,Female,C17,College,No,1,50118.0,0.0,1.0,36
33,Male,C21,Bachelor,No,1,102175.0,204764.0,1.6,103
31,Male,C24,Master,No,1,81440.0,0.0,1.0,52
25,Male,C29,Bachelor,No,1,46856.0,0.0,1.0,192
37,Female,C8,Master,No,1,61133.0,62290.0,1.0,203
32,Male,C29,Master,Yes,1,30860.0,327760.0,2.090909090909091,543
34,Male,C26,Bachelor,No,1,27548.0,25001.666666666668,1.0,156
34,Female,C1,Master,No,1,38572.0,124398.88888888889,1.3333333333333333,246
33,Male,C8,College,No,1,103994.0,28176.0,1.0,135
33,Female,C23,College,No,1,17607.0,44920.0,1.0,53
33,Male,C12,College,No,1,30106.0,20930.0,1.0,160
24,Female,C16,Master,No,1,51796.0,138600.0,1.0,130
31,Male,C27,Bachelor,No,1,46239.0,88750.0,1.0,226
32,Female,C24,Bachelor,No,1,62905.0,196365.0,1.25,341
28,Male,C7,College,No,1,12779.0,0.0,1.0,83
24,Female,C8,College,No,1,22962.0,228560.0,1.0,140
32,Female,C7,Master,No,1,32376.0,400630.8695652174,2.391304347826087,1205
35,Male,C10,Bachelor,No,1,18378.0,0.0,1.0,87
28,Male,C23,College,Yes,1,22895.0,190591.81818181818,1.2727272727272727,799
28,Male,C9,Bachelor,No,1,76076.0,445876.6666666667,1.5,172
39,Male,C22,Master,No,0,26301.0,365778.3333333333,2.3333333333333335,1487
41,Female,C27,Master,No,1,52588.0,336736.36363636365,2.5454545454545454,704
33,Female,C16,Bachelor,No,1,66416.0,0.0,1.0,105
38,Male,C24,College,No,1,75499.0,0.0,1.0,82
34,Male,C12,College,No,1,99876.0,0.0,1.0,171
27,Male,C24,Master,No,1,39328.0,294104.44444444444,2.0,592
30,Female,C27,Bachelor,Yes,1,64699.0,0.0,1.0,334
30,Female,C8,Master,No,1,109986.0,180084.0,1.4,122
26,Male,C19,Bachelor,No,1,15970.0,0.0,1.0,98
24,Female,C5,Master,No,1,21234.0,0.0,1.0,70
29,Male,C28,Master,No,1,50022.0,86976.66666666667,1.0,162
25,Male,C23,College,No,1,46789.0,28812.0,1.0,172
22,Female,C6,College,No,1,26083.0,85714.28571428571,1.4285714285714286,174
30,Female,C10,Master,No,1,75735.0,141095.0,1.0,294
27,Male,C22,Bachelor,No,1,51433.0,0.0,1.0,104
36,Male,C18,College,No,1,40035.0,382481.5789473684,2.1052631578947367,793
27,Male,C14,Bachelor,No,1,95465.0,1078870.0,3.176470588235294,653
28,Male,C24,College,No,1,56498.0,0.0,1.0,0
30,Male,C10,Master,No,1,36558.0,0.0,1.0,61
27,Female,C1,Master,No,1,48097.0,0.0,1.0,25
26,Male,C9,College,Yes,1,47419.0,741477.0,2.5,507
26,Male,C28,College,No,1,18088.0,0.0,1.0,61
30,Male,C1,Bachelor,No,1,37992.0,302746.6666666667,2.0,149
38,Male,C5,Master,No,1,48409.0,0.0,1.0,63
27,Male,C12,Bachelor,No,1,37630.0,0.0,1.0,65
22,Female,C20,College,No,1,30295.0,0.0,1.0,67
37,Female,C29,Master,No,1,90851.0,0.0,1.0,67
28,Male,C14,Master,No,1,54527.0,0.0,1.0,47
33,Male,C28,Master,No,0,78442.0,726416.6666666666,2.1666666666666665,151
32,Male,C7,College,No,1,12456.0,214383.33333333334,1.0,293
32,Male,C9,Bachelor,No,1,45575.0,343048.8888888889,1.6666666666666667,239
34,Male,C17,College,Yes,1,115006.0,2155005.0,2.5,955
29,Male,C27,Master,Yes,1,133978.0,1459313.0,2.6,1611
31,Female,C5,Bachelor,No,1,42565.0,284317.14285714284,1.6428571428571428,380
33,Male,C3,College,No,1,50372.0,65550.0,1.0,81
41,Male,C10,Bachelor,Yes,1,94965.0,402636.0,1.9,1057
23,Female,C3,Master,No,1,50554.0,209353.33333333334,1.6666666666666667,545
43,Female,C24,Master,No,1,67971.0,75341.66666666667,1.0,151
35,Female,C10,College,No,1,15291.0,107332.85714285714,1.0,181
31,Male,C20,Bachelor,No,1,43975.0,27200.0,1.0,148
30,Female,C11,Bachelor,No,1,44069.0,161200.0,1.6,166
31,Male,C29,College,No,1,19217.0,270447.5,1.5,348
35,Female,C27,Bachelor,No,1,39499.0,0.0,1.0,154
39,Female,C14,Master,No,1,55519.0,319553.07692307694,2.1538461538461537,616
37,Female,C25,Bachelor,No,1,130277.0,141145.7142857143,1.0,196
23,Female,C6,College,No,1,47117.0,100084.0,1.0,136
41,Male,C2,College,No,1,84791.0,0.0,1.0,24
29,Female,C23,College,No,1,98630.0,12400.0,1.0,103
31,Female,C17,College,No,1,15520.0,0.0,1.0,120
28,Male,C17,College,No,1,73103.0,290426.0,1.6,901
31,Male,C20,College,No,1,66074.0,0.0,1.0,200
27,Female,C19,Master,Yes,1,77369.0,289062.0,1.0,1099
36,Female,C2,College,Yes,1,98306.0,784266.6666666666,2.75,1329
32,Female,C20,Bachelor,No,1,38456.0,0.0,1.0,11
30,Female,C18,College,No,1,10883.0,0.0,1.0,124
32,Male,C22,Bachelor,No,1,53471.0,62660.0,1.0,199
31,Male,C5,Master,No,1,78444.0,0.0,1.0,109
24,Female,C3,Bachelor,No,1,34521.0,125000.0,1.0,106
41,Female,C20,Bachelor,No,1,100150.0,273684.0,1.0,212
29,Male,C10,College,No,1,65870.0,68055.0,1.0,105
30,Male,C12,Master,No,1,55419.0,267181.1111111111,1.6666666666666667,321
26,Female,C7,Bachelor,No,1,52789.0,153432.5,1.375,440
33,Male,C20,Bachelor,No,1,94237.0,0.0,1.0,61
35,Male,C1,Master,No,1,39644.0,384327.5,2.3,791
31,Male,C23,Master,Yes,1,51643.0,-4770.0,1.0,1053
25,Male,C19,Master,No,1,50803.0,110420.0,1.0,242
37,Female,C20,Bachelor,No,1,18106.0,107020.0,1.0,127
35,Female,C28,Bachelor,No,1,72219.0,290664.0,1.6,450
35,Male,C19,Master,No,1,39823.0,58333.333333333336,1.0,170
32,Male,C7,Bachelor,No,1,74620.0,176614.66666666666,1.4,422
33,Female,C26,Master,No,1,78813.0,58333.333333333336,1.0,138
26,Female,C21,Bachelor,No,1,32574.0,58560.0,1.0,156
25,Female,C24,College,No,1,21150.0,210806.66666666666,1.0,161
35,Female,C15,College,No,1,26928.0,361162.0,1.6,365
35,Male,C17,College,No,1,55638.0,0.0,1.0,6
36,Male,C29,College,No,1,58027.0,0.0,1.0,85
33,Male,C11,Bachelor,No,1,70921.0,208233.33333333334,1.5,333
21,Female,C6,College,No,1,22115.0,115948.0,1.0,355
28,Male,C13,Master,No,1,36070.0,0.0,1.0,250
33,Male,C6,Bachelor,No,1,66225.0,229049.16666666666,1.75,311
29,Male,C8,Master,No,1,111414.0,0.0,1.0,58
39,Female,C5,Master,No,1,25178.0,283620.0,1.6,277
36,Male,C22,Master,No,1,67498.0,210800.0,1.0,168
34,Male,C20,College,No,1,76396.0,71554.28571428571,1.0,184
43,Female,C6,Bachelor,No,1,67140.0,250337.14285714287,1.8571428571428572,179
27,Female,C20,Bachelor,No,1,41463.0,142521.11111111112,1.3333333333333333,242
31,Male,C29,Master,No,1,70088.0,0.0,1.0,112
45,Female,C3,College,Yes,1,116163.0,1134248.1818181819,1.8181818181818181,862
39,Female,C7,Bachelor,No,1,17493.0,79726.66666666667,1.0,266
34,Female,C11,Master,No,1,43026.0,0.0,1.0,84
28,Male,C29,Master,No,1,76525.0,0.0,1.0,61
50,Female,C10,Bachelor,Yes,1,55465.0,259167.0,1.6,1531
33,Male,C28,College,No,1,33154.0,136118.0,1.0,138
30,Male,C5,College,No,0,24291.0,0.0,1.0,68
32,Male,C15,Bachelor,No,1,70038.0,33396.666666666664,1.0,120
32,Female,C20,College,No,1,31057.0,89671.11111111111,1.0,236
35,Female,C26,Bachelor,Yes,1,75417.0,581242.1428571428,1.8571428571428572,2324
31,Male,C25,College,No,1,54901.0,0.0,1.0,70
36,Male,C25,Master,No,1,58052.0,78790.0,1.0,172
32,Male,C4,College,Yes,1,67126.0,375170.0,1.6923076923076923,881
39,Male,C15,College,No,1,43705.0,0.0,1.0,210
33,Male,C15,Bachelor,No,1,99415.0,38208.0,1.0,120
44,Male,C12,College,No,1,49049.0,149830.0,1.0,333
33,Female,C20,Master,Yes,1,54212.0,1298494.4444444445,2.0,348
30,Female,C11,Master,No,1,29306.0,148966.36363636365,1.2727272727272727,317
38,Male,C29,Master,No,1,105400.0,0.0,1.0,27
31,Male,C1,Master,No,1,52007.0,0.0,1.0,55
32,Male,C20,College,No,1,107592.0,438388.5714285714,1.0,196
39,Male,C17,Master,No,1,26796.0,113240.0,1.0,163
29,Male,C20,Bachelor,No,1,72843.0,0.0,1.0,84
44,Female,C19,College,Yes,1,32736.0,742857.6470588235,2.235294117647059,1755
42,Female,C12,Bachelor,No,1,87325.0,113288.0,1.0,109
29,Male,C18,Master,No,1,25483.0,190740.0,1.75,195
38,Male,C22,College,No,1,17496.0,0.0,1.0,77
28,Female,C10,College,No,1,54231.0,228807.14285714287,1.4285714285714286,566
25,Male,C26,College,No,1,28447.0,734195.8333333334,3.25,902
33,Male,C26,Master,No,1,47651.0,90750.0,1.0,112
47,Female,C1,Master,No,1,44722.0,216338.0,1.6,224
23,Male,C23,Master,No,1,44907.0,0.0,1.0,200
27,Female,C28,College,No,1,52711.0,83660.0,1.0,170
28,Female,C17,Bachelor,No,1,77197.0,424845.71428571426,1.8571428571428572,244
28,Male,C19,College,No,1,88777.0,0.0,1.0,57
33,Male,C20,College,No,1,38059.0,563937.7777777778,2.6666666666666665,1405
31,Female,C23,College,No,1,74265.0,0.0,1.0,39
27,Female,C26,Master,No,1,25458.0,129388.88888888889,1.3333333333333333,238
35,Male,C15,Master,No,1,51930.0,66666.66666666667,1.0,40
32,Male,C26,College,No,1,44566.0,33626.666666666664,1.0,70
50,Male,C15,College,Yes,1,81150.0,201946.66666666666,1.0,840
40,Female,C13,Bachelor,Yes,1,89118.0,593162.2222222222,1.6666666666666667,2234
36,Male,C25,Bachelor,No,1,57908.0,126950.0,1.0,144
46,Female,C5,Master,No,1,30292.0,0.0,1.0,100
31,Male,C16,Bachelor,No,1,54821.0,573272.5,2.5,457
36,Female,C11,Bachelor,No,1,106794.0,127181.81818181818,1.0,312
32,Female,C18,Bachelor,No,1,44160.0,0.0,1.0,119
39,Male,C4,Master,No,1,59112.0,0.0,1.0,75
33,Female,C6,College,No,1,19072.0,280820.0,1.5,475
36,Male,C1,College,No,1,64693.0,338124.0,1.6,323
32,Male,C28,Bachelor,Yes,1,80586.0,340043.3333333333,1.6666666666666667,1244
26,Male,C26,Bachelor,No,1,27806.0,132861.11111111112,1.3333333333333333,232
33,Female,C5,Bachelor,No,1,81561.0,0.0,1.0,54
24,Male,C5,Master,No,1,44061.0,0.0,1.0,137
39,Male,C8,College,No,1,126416.0,229203.75,1.375,219
26,Male,C29,Master,No,1,29181.0,451414.0,2.8,522
29,Male,C20,Bachelor,No,1,20641.0,188838.0,1.6,142
38,Male,C20,Master,No,1,41446.0,92005.0,1.5,156
31,Male,C17,Master,No,1,67679.0,199036.25,1.75,241
26,Male,C21,Bachelor,No,1,62396.0,139130.0,1.0,140
30,Female,C12,Master,No,1,58946.0,363946.4705882353,2.176470588235294,615
31,Male,C24,College,No,1,48369.0,250423.33333333334,1.5,296
26,Male,C16,College,No,1,37613.0,221440.0,1.0,367
32,Female,C7,Bachelor,No,1,70900.0,290305.0,1.5,263
31,Female,C6,College,No,1,19433.0,0.0,1.0,120
37,Female,C7,Bachelor,No,1,52963.0,0.0,1.0,99
25,Female,C15,Master,No,1,19020.0,20184.0,1.0,119
25,Male,C8,College,No,1,64128.0,29932.0,1.0,127
34,Female,C3,Master,No,0,56060.0,123810.0,1.0,154
31,Female,C7,Bachelor,No,1,49664.0,115972.5,1.0,76
28,Male,C10,Bachelor,No,1,78906.0,83315.0,1.0,142
27,Male,C13,College,No,1,54126.0,0.0,1.0,40
36,Female,C26,Bachelor,No,1,48540.0,110336.0,1.0,227
29,Female,C6,Master,No,1,27216.0,467141.1111111111,2.6666666666666665,689
25,Female,C10,College,No,0,36529.0,0.0,1.0,15
30,Female,C6,Bachelor,No,1,33246.0,277110.0,1.5,176
25,Female,C25,Bachelor,No,1,61502.0,87466.66666666667,1.0,222
30,Male,C24,Master,No,1,61218.0,495260.8333333333,2.75,345
30,Male,C20,College,No,1,34593.0,326226.6666666667,2.0,270
33,Male,C3,Master,No,0,135337.0,0.0,1.0,14
30,Male,C17,Bachelor,No,1,55718.0,0.0,1.0,78
32,Male,C9,Bachelor,No,1,54906.0,25120.0,1.0,164
35,Male,C12,Bachelor,No,1,48050.0,0.0,1.0,84
27,Female,C17,Master,No,1,41971.0,218985.55555555556,1.3333333333333333,368
34,Male,C25,Master,No,1,70994.0,246053.33333333334,1.5,265
44,Male,C10,College,No,1,39841.0,322235.71428571426,1.7142857142857142,1807
41,Male,C2,Bachelor,No,1,38105.0,647719.2307692308,3.1538461538461537,499
47,Female,C25,Master,Yes,1,69141.0,1648186.6666666667,3.75,510
34,Male,C17,College,No,1,45180.0,33436.666666666664,1.0,90
41,Male,C2,Bachelor,No,1,45183.0,143323.33333333334,1.0,164
27,Male,C9,College,No,1,44091.0,125408.33333333333,1.3333333333333333,169
29,Male,C28,College,No,1,47565.0,806775.2941176471,3.235294117647059,819
35,Male,C27,Bachelor,No,1,43690.0,291036.0,1.6,1097
40,Female,C22,Master,Yes,1,107368.0,785472.0833333334,1.75,2341
41,Male,C26,College,No,1,94171.0,0.0,1.0,199
27,Male,C27,Bachelor,No,1,25207.0,0.0,1.0,29
33,Male,C14,Bachelor,No,1,39422.0,37590.0,1.0,85
29,Male,C8,Master,No,1,110542.0,0.0,1.0,126
36,Male,C5,College,No,1,50436.0,1028768.0,2.2,126
29,Female,C25,College,No,1,39635.0,0.0,1.0,24
35,Female,C2,Bachelor,No,1,16688.0,98712.5,1.0,107
38,Female,C27,Bachelor,No,1,50211.0,0.0,1.0,157
23,Female,C13,Master,No,1,40408.0,121400.0,1.0,273
25,Male,C21,Bachelor,No,1,46010.0,0.0,1.0,82
29,Male,C26,Master,No,1,23299.0,219973.33333333334,1.6666666666666667,253
38,Female,C21,College,No,1,71142.0,146788.75,1.375,198
25,Male,C20,Bachelor,No,1,56936.0,0.0,1.0,102
42,Male,C1,College,No,1,130279.0,0.0,1.0,55
26,Male,C19,Master,No,1,64476.0,393507.5,2.25,336
32,Female,C18,College,No,1,34356.0,0.0,1.0,243
28,Female,C12,College,No,1,49570.0,0.0,1.0,146
31,Male,C18,Master,No,1,86551.0,31940.0,1.0,91
35,Female,C21,Master,No,1,64780.0,30006.0,1.0,125
31,Female,C14,Bachelor,No,1,57107.0,0.0,1.0,98
39,Female,C19,Master,No,1,60780.0,0.0,1.0,89
32,Male,C23,College,Yes,1,108452.0,800025.0,2.5,2291
33,Male,C27,Bachelor,No,1,79222.0,733170.7142857143,2.2857142857142856,406
31,Male,C23,Bachelor,No,1,49957.0,217717.5,1.625,229
24,Female,C28,College,Yes,1,19448.0,519543.3333333333,2.0,333
34,Female,C12,Master,No,1,75453.0,109768.33333333333,1.5,161
41,Female,C11,Master,Yes,1,125545.0,750825.0,1.5,1351
31,Male,C5,Master,Yes,1,64559.0,486646.6666666667,2.25,2237
30,Female,C6,Master,No,1,64606.0,228241.42857142858,1.8571428571428572,197
28,Female,C2,Master,No,1,35116.0,0.0,1.0,69
35,Female,C13,College,No,1,44784.0,205590.0,1.4285714285714286,287
28,Female,C13,College,No,1,61884.0,237306.66666666666,1.0,224
42,Male,C25,Master,No,1,76707.0,0.0,1.0,91
26,Male,C20,Master,No,1,44841.0,0.0,1.0,64
31,Male,C25,Master,No,1,46001.0,106816.66666666667,1.0,792
32,Female,C22,College,No,1,74305.0,0.0,1.0,53
29,Female,C26,College,No,1,96076.0,554833.3333333334,1.6666666666666667,127
27,Male,C15,Master,No,1,39731.0,0.0,1.0,42
31,Male,C5,Master,Yes,1,44949.0,845407.6923076923,2.6923076923076925,1353
40,Male,C4,College,No,1,48956.0,165120.0,1.6,129
39,Female,C6,College,No,1,42300.0,0.0,1.0,97
44,Male,C4,Bachelor,No,1,31948.0,0.0,1.0,212
37,Male,C13,Bachelor,No,1,90123.0,70000.0,1.0,133
33,Female,C13,Master,No,1,57863.0,160708.0,1.0,123
27,Male,C20,Bachelor,No,1,35090.0,378748.0,2.2,208
44,Female,C1,College,No,1,24821.0,155339.0,1.6,256
28,Male,C23,Bachelor,No,1,42317.0,678538.3333333334,3.0,365
30,Female,C26,College,No,1,21762.0,0.0,1.0,103
32,Male,C12,Master,No,1,47379.0,29100.0,1.0,112
30,Male,C22,College,No,1,34561.0,534995.0,2.0,265
38,Female,C14,Master,No,1,62853.0,295732.22222222225,2.0,455
35,Male,C7,Bachelor,Yes,1,44999.0,473029.5,2.15,1811
31,Male,C25,College,No,0,30292.0,55151.42857142857,1.0,167
25,Female,C17,Master,No,1,31361.0,270028.0,1.6,334
35,Female,C9,Bachelor,No,1,30310.0,356162.5,2.3125,537
31,Female,C6,College,No,1,59451.0,0.0,1.0,89
36,Male,C22,Bachelor,No,1,46726.0,37900.0,1.0,120
23,Male,C21,Master,No,1,56760.0,338126.3157894737,2.1052631578947367,778
33,Female,C21,Master,No,1,72503.0,0.0,1.0,37
23,Male,C16,Master,No,1,54632.0,0.0,1.0,63
30,Male,C8,College,No,1,21245.0,0.0,1.0,23
27,Male,C14,College,No,1,72839.0,0.0,1.0,147
34,Male,C15,Master,No,1,111621.0,0.0,1.0,23
28,Male,C26,Master,No,1,71740.0,662611.25,2.75,209
31,Female,C24,College,No,1,43963.0,0.0,1.0,75
41,Male,C13,Master,No,1,54922.0,491942.85714285716,2.2857142857142856,493
27,Male,C27,College,No,1,23149.0,0.0,1.0,121
29,Male,C15,College,No,1,25873.0,0.0,1.0,0
39,Male,C3,Bachelor,No,1,52711.0,443298.3333333333,2.0,294
27,Female,C16,College,No,1,12456.0,0.0,1.0,249
47,Male,C7,Bachelor,Yes,1,117644.0,1056916.4705882352,1.5294117647058822,2537
46,Female,C20,College,No,1,48111.0,429938.5714285714,1.8571428571428572,508
38,Male,C15,Master,No,1,55037.0,243675.0,1.0,226
31,Female,C17,College,No,1,38396.0,0.0,1.0,95
28,Male,C19,Bachelor,No,1,43897.0,0.0,1.0,40
27,Male,C28,College,No,1,49886.0,0.0,1.0,18
28,Male,C22,Bachelor,No,1,27572.0,284110.0,2.25,389
38,Female,C17,Bachelor,No,1,54600.0,279177.77777777775,2.0,1572
36,Male,C14,Master,No,1,83083.0,510439.1666666667,2.5,331
31,Male,C12,College,No,1,59932.0,0.0,1.0,143
38,Male,C10,College,No,1,22645.0,145270.0,1.4285714285714286,291
28,Female,C20,Master,No,1,66465.0,0.0,1.0,101
26,Male,C15,Master,No,1,77477.0,501877.5,1.75,200
22,Female,C5,College,No,1,12987.0,0.0,1.0,135
38,Male,C7,Bachelor,Yes,1,116218.0,153232.85714285713,1.0,210
31,Male,C4,Bachelor,No,1,23537.0,512184.44444444444,2.3333333333333335,622
33,Male,C27,College,No,1,69697.0,526712.9166666666,2.25,785
32,Male,C26,College,No,1,45531.0,0.0,1.0,77
42,Male,C27,Bachelor,No,1,20797.0,0.0,1.0,189
44,Male,C14,Bachelor,No,1,100297.0,0.0,1.0,614
34,Male,C3,Master,No,1,45153.0,0.0,1.0,126
27,Male,C25,Master,No,1,29043.0,835515.5555555555,3.0,598
30,Female,C13,Bachelor,No,1,72989.0,50925.0,1.0,64
31,Male,C1,Bachelor,No,1,34473.0,0.0,1.0,139
37,Male,C27,College,No,1,35189.0,0.0,1.0,22
37,Male,C12,College,Yes,0,112424.0,791206.6666666666,1.6666666666666667,1858
35,Female,C28,Bachelor,No,1,98568.0,0.0,1.0,37
23,Female,C6,Master,Yes,1,71984.0,775778.3333333334,1.75,704
29,Male,C20,College,No,1,13417.0,84253.33333333333,1.0,76
31,Male,C12,Master,No,1,61712.0,0.0,1.0,111
31,Female,C2,Bachelor,No,1,122837.0,3759614.375,4.0,445
46,Male,C8,Bachelor,No,1,50533.0,105471.42857142857,1.0,308
27,Male,C28,Bachelor,No,1,88169.0,905366.9230769231,2.769230769230769,383
36,Male,C25,Bachelor,No,1,47992.0,113652.5,1.0,203
24,Male,C3,College,No,1,15822.0,0.0,1.0,147
33,Female,C1,Master,No,1,74903.0,0.0,1.0,75
25,Male,C3,Master,No,1,36114.0,162692.5,1.0,208
42,Male,C18,College,No,1,21942.0,284474.70588235295,2.176470588235294,561
32,Female,C19,College,No,1,16486.0,0.0,1.0,78
25,Female,C22,Bachelor,No,1,60688.0,0.0,1.0,58
42,Male,C20,Bachelor,No,1,21898.0,135800.0,1.0,1047
36,Male,C5,Master,No,0,59481.0,0.0,1.0,102
51,Female,C27,Bachelor,Yes,1,91839.0,1046749.5833333334,2.0,1785
34,Male,C12,Bachelor,No,1,52175.0,142485.0,1.25,209
42,Male,C29,Bachelor,No,1,58534.0,0.0,1.0,45
21,Male,C25,College,No,1,11068.0,181478.125,1.1875,446
29,Female,C9,College,No,1,62689.0,0.0,1.0,35
36,Female,C14,Bachelor,No,1,115978.0,0.0,1.0,901
51,Female,C14,Master,Yes,1,81784.0,365140.0,2.090909090909091,522
34,Female,C1,Master,No,1,21627.0,43802.0,1.0,123
40,Female,C14,Master,No,1,53930.0,1357359.375,3.625,637
33,Female,C10,Master,No,1,123255.0,2256895.0,4.0,412
31,Female,C9,Bachelor,No,1,65299.0,377367.5,1.75,206
29,Male,C18,Master,No,1,40325.0,166666.66666666666,1.0,211
23,Male,C24,Master,No,1,48711.0,331573.3333333333,1.8333333333333333,161
39,Female,C9,College,No,1,100798.0,148037.5,1.5,89
33,Female,C25,Bachelor,No,1,56916.0,375435.55555555556,2.0,391
34,Male,C15,College,No,1,30959.0,43500.0,1.0,88
33,Male,C3,Master,No,1,45207.0,87360.0,1.2857142857142858,170
28,Male,C28,Master,No,1,65448.0,0.0,1.0,50
36,Female,C3,Master,No,1,50809.0,20620.0,1.0,136
34,Male,C28,Bachelor,Yes,1,87794.0,453170.0,1.8181818181818181,2235
34,Male,C3,Master,No,1,82666.0,0.0,1.0,39
33,Female,C21,Bachelor,No,1,48656.0,359846.0,2.0,121
34,Male,C2,Master,No,1,94933.0,50421.666666666664,1.0,134
26,Female,C14,College,No,1,57627.0,25481.666666666668,1.0,145
30,Female,C21,College,No,1,14166.0,60000.0,1.0,156
32,Female,C9,College,No,1,17234.0,122968.75,1.375,191
38,Male,C3,College,No,1,45148.0,0.0,1.0,140
27,Female,C2,College,No,1,39434.0,0.0,1.0,93
29,Female,C18,Bachelor,Yes,1,114651.0,2049044.0,3.4,710
30,Female,C16,Master,No,0,104897.0,0.0,1.0,0
33,Male,C17,College,No,1,35823.0,0.0,1.0,86
29,Male,C23,College,No,1,66935.0,102186.0,1.0,115
32,Female,C7,College,Yes,1,89503.0,1818000.0,2.5,1244
24,Male,C2,Master,No,1,27693.0,0.0,1.0,53
34,Female,C26,College,Yes,1,95658.0,538060.0,1.3157894736842106,2463
45,Female,C3,College,No,1,44497.0,281049.28571428574,2.2142857142857144,505
32,Male,C29,College,No,1,73122.0,0.0,1.0,84
36,Female,C5,College,No,1,26206.0,0.0,1.0,187
40,Male,C27,Master,Yes,1,76806.0,324631.5,1.45,1825
29,Male,C8,Bachelor,No,1,39121.0,0.0,1.0,28
34,Male,C1,College,No,1,29359.0,0.0,1.0,197
40,Male,C24,Master,No,1,43047.0,0.0,1.0,63
38,Female,C11,College,Yes,1,96317.0,538880.9090909091,2.0,1845
42,Male,C9,College,No,1,51579.0,0.0,1.0,230
29,Female,C28,College,Yes,1,61343.0,0.0,1.0,1928
39,Female,C10,Bachelor,No,1,42723.0,0.0,1.0,225
25,Male,C19,Master,No,1,22575.0,370360.0,2.0,529
30,Male,C21,Bachelor,No,1,91787.0,100934.0,1.0,115
32,Male,C27,Bachelor,No,1,49122.0,0.0,1.0,70
29,Male,C10,Bachelor,No,1,31773.0,0.0,1.0,58
27,Male,C26,Bachelor,No,1,53928.0,554712.0,2.8,1419
30,Male,C7,Bachelor,No,1,56867.0,0.0,1.0,114
32,Female,C27,Master,No,1,95822.0,0.0,1.0,54
37,Male,C18,College,No,1,45163.0,638579.4117647059,2.764705882352941,637
23,Male,C22,College,No,1,47072.0,0.0,1.0,124
49,Female,C12,Master,Yes,1,38478.0,332004.70588235295,1.4705882352941178,592
32,Female,C1,Master,No,1,33681.0,134576.66666666666,1.0,958
30,Male,C5,Master,No,1,60847.0,51233.333333333336,1.0,85
25,Female,C10,Master,No,1,42975.0,-166666.66666666666,1.0,52
29,Male,C2,Bachelor,No,1,37995.0,0.0,1.0,68
40,Female,C13,Bachelor,Yes,1,51016.0,507514.0909090909,2.090909090909091,1055
34,Female,C3,Bachelor,No,1,31500.0,161856.66666666666,1.3333333333333333,69
40,Male,C27,Master,No,0,67685.0,0.0,1.0,122
31,Male,C28,Master,No,1,22738.0,0.0,1.0,146
30,Male,C4,Bachelor,No,1,30996.0,54933.75,1.0,443
39,Male,C20,Master,No,1,149354.0,0.0,1.0,1339
22,Female,C12,College,No,1,33042.0,0.0,1.0,52
32,Male,C2,Master,No,1,45609.0,78327.5,1.0,590
34,Female,C15,College,No,1,40685.0,0.0,1.0,107
27,Female,C11,Master,Yes,1,81385.0,128564.0,1.0,364
35,Male,C23,Master,No,1,83242.0,80700.0,1.0,162
28,Male,C3,Master,No,1,47980.0,348622.7272727273,1.8181818181818181,530
27,Male,C3,College,No,1,59205.0,157550.0,1.75,100
38,Male,C25,Master,No,1,91064.0,37590.0,1.0,128
30,Female,C23,Master,Yes,1,58671.0,287916.6666666667,1.6666666666666667,1032
31,Male,C27,Bachelor,No,1,67067.0,0.0,1.0,49
24,Male,C9,Bachelor,No,1,63577.0,297803.3333333333,2.0,157
32,Female,C4,Bachelor,No,1,49696.0,0.0,1.0,71
31,Male,C25,Bachelor,No,1,22875.0,0.0,1.0,95
39,Male,C26,College,No,1,61613.0,780963.3333333334,2.0,229
29,Male,C14,Bachelor,Yes,1,60764.0,23464.0,1.0,488
37,Male,C6,Master,No,1,62204.0,32327.777777777777,1.0,242
25,Male,C8,Bachelor,No,1,45526.0,109838.57142857143,1.0,184
31,Male,C3,Bachelor,No,1,35542.0,51128.333333333336,1.0,156
33,Male,C3,Master,No,1,52914.0,-197932.85714285713,1.0,438
51,Male,C6,Bachelor,No,1,65754.0,588965.0,2.0,458
37,Male,C22,Bachelor,Yes,1,75835.0,50000.0,1.0,103
36,Male,C13,College,Yes,1,90743.0,1341958.75,2.125,304
43,Male,C14,Master,No,1,88204.0,469132.5,1.75,84
25,Female,C4,College,Yes,1,125011.0,1112207.142857143,2.2857142857142856,1474
27,Female,C7,College,No,1,53920.0,50945.0,1.0,130
30,Male,C25,Master,No,1,25579.0,0.0,1.0,60
23,Male,C16,Bachelor,No,1,30342.0,67505.0,1.0,104
37,Female,C20,Bachelor,No,1,57083.0,0.0,1.0,47
43,Male,C25,College,No,1,46309.0,232762.22222222222,1.6666666666666667,414
22,Male,C26,College,No,1,27023.0,309436.6666666667,2.0,254
51,Male,C13,College,No,1,11943.0,131800.0,1.0,300
31,Male,C7,Bachelor,No,1,145483.0,376852.3076923077,1.6923076923076923,377
32,Female,C2,Bachelor,No,1,53181.0,0.0,1.0,154
40,Male,C4,Master,No,1,136307.0,14338.57142857143,1.0,418
39,Male,C17,College,No,1,39994.0,0.0,1.0,13
28,Male,C1,Master,Yes,1,42507.0,219097.14285714287,1.4285714285714286,438
28,Female,C7,Master,No,1,22095.0,50990.0,1.0,140
28,Female,C23,College,No,1,68837.0,0.0,1.0,30
35,Male,C6,College,No,1,113857.0,30070.0,1.0,128
41,Female,C1,Bachelor,No,1,17476.0,34656.666666666664,1.0,79
30,Male,C9,Master,Yes,1,45811.0,329377.14285714284,1.8571428571428572,420
38,Female,C3,Bachelor,No,1,41504.0,0.0,1.0,94
33,Female,C24,Bachelor,No,1,26160.0,186907.77777777778,1.6666666666666667,499
28,Male,C13,Master,No,1,40671.0,0.0,1.0,64
31,Male,C6,Master,Yes,1,53062.0,710426.5,2.5,919
34,Female,C20,Master,No,1,80779.0,240631.42857142858,1.7142857142857142,199
41,Female,C21,College,No,1,54180.0,72707.5,1.0,134
26,Male,C29,Master,Yes,1,140833.0,1290493.3333333333,2.0,1492
43,Male,C21,College,Yes,1,53355.0,331675.8333333333,2.0,1616
30,Male,C17,Master,No,1,54971.0,0.0,1.0,34
49,Female,C1,Bachelor,Yes,1,59431.0,2261276.6666666665,3.0,650
34,Male,C14,Bachelor,No,1,37704.0,26093.333333333332,1.0,240
39,Male,C16,College,No,1,41796.0,0.0,1.0,266
44,Female,C25,College,No,1,55815.0,160142.0,1.0,107
29,Male,C27,Bachelor,No,1,78511.0,0.0,1.0,99
41,Male,C11,Master,No,1,51764.0,392911.25,1.75,245
33,Male,C12,Bachelor,No,1,38416.0,67642.85714285714,1.0,177
25,Female,C20,Master,Yes,1,90560.0,308333.3333333333,1.0,853
43,Female,C27,College,Yes,1,78444.0,261961.11111111112,1.0,1251
35,Female,C12,College,No,1,63739.0,0.0,1.0,124
37,Male,C15,Bachelor,No,1,18948.0,127616.0,1.0,370
39,Female,C26,College,Yes,1,117533.66666666667,2918120.0,3.3333333333333335,517
29,Female,C6,College,No,1,43578.0,310433.3333333333,1.8333333333333333,540
45,Male,C21,Bachelor,No,1,77647.0,389134.54545454547,1.2727272727272727,730
33,Male,C17,Bachelor,No,1,52471.0,556728.75,1.75,221
34,Female,C12,College,No,1,53123.0,49270.0,1.0,70
29,Male,C16,Bachelor,No,1,18192.0,289570.0,1.6,449
33,Male,C20,Bachelor,Yes,1,27895.0,157096.66666666666,1.0,761
30,Female,C10,College,No,1,39830.0,0.0,1.0,139
32,Female,C14,Bachelor,No,1,79599.0,0.0,1.0,46
33,Female,C27,Bachelor,No,1,79239.0,0.0,1.0,59
38,Male,C26,Bachelor,No,0,132819.0,119690.71428571429,1.2142857142857142,1108
33,Female,C7,Master,No,0,51264.0,0.0,1.0,0
26,Male,C28,Master,No,1,33721.0,0.0,1.0,35
41,Female,C15,College,No,1,71593.0,0.0,1.0,52
32,Male,C16,Master,Yes,1,123750.0,659492.0,1.9,284
37,Male,C16,College,No,1,36230.0,0.0,1.0,69
30,Male,C15,Master,No,1,57581.0,73680.0,1.0,477
29,Male,C13,College,No,1,24538.0,551727.5,1.75,197
28,Male,C11,Master,No,1,96265.0,0.0,1.0,71
35,Female,C9,College,No,1,39246.0,0.0,1.0,22
27,Male,C14,College,No,1,29148.0,136513.33333333334,1.3333333333333333,1207
28,Male,C5,Master,No,1,68418.0,71020.0,1.0,66
34,Male,C23,Bachelor,Yes,1,76092.0,807286.6666666666,2.0,586
27,Female,C8,College,No,1,29660.0,0.0,1.0,77
31,Female,C21,Master,No,1,36661.0,372190.0,1.7142857142857142,198
40,Female,C15,Master,No,1,96143.0,349334.54545454547,1.8181818181818181,317
24,Female,C1,College,Yes,1,74589.0,291204.28571428574,1.4285714285714286,1457
34,Male,C26,College,No,1,32285.0,269565.0,1.0,477
37,Female,C16,Master,No,1,34619.0,190366.0,1.6,365
30,Male,C4,Master,No,1,27867.0,533939.0,2.5,476
33,Male,C21,Master,No,1,41169.0,0.0,1.0,142
27,Male,C20,Bachelor,No,1,25605.0,0.0,1.0,134
30,Male,C26,Master,No,1,29575.0,145764.0,1.0,468
42,Male,C20,College,Yes,1,32043.0,270958.0,1.3,670
28,Male,C13,Bachelor,No,1,69939.0,80835.0,1.0,153
37,Male,C29,Bachelor,Yes,1,67317.0,106195.0,1.0,1040
27,Female,C7,Bachelor,No,1,63898.0,83620.0,1.0,369
32,Female,C24,College,No,1,40086.0,0.0,1.0,121
26,Male,C7,Master,No,1,52518.0,0.0,1.0,29
31,Male,C8,College,No,1,60214.0,208423.33333333334,2.0,211
26,Male,C28,Bachelor,No,1,78057.0,382540.0,1.6,280
36,Male,C15,Master,No,1,83455.0,236018.75,1.75,221
27,Female,C1,Master,Yes,1,55315.0,187526.25,1.375,626
27,Female,C7,Master,No,1,58533.0,246350.0,1.8,113
36,Female,C27,Bachelor,No,1,61994.0,110645.0,1.0,149
45,Female,C11,Bachelor,No,1,19072.0,137911.11111111112,1.3333333333333333,560
32,Female,C27,College,No,1,41973.0,40000.0,1.0,138
27,Male,C3,Bachelor,No,1,29520.0,0.0,1.0,90
30,Female,C3,Bachelor,No,1,88909.0,246462.3076923077,1.2307692307692308,388
26,Female,C3,College,No,1,28506.0,0.0,1.0,7
30,Male,C29,College,No,1,44512.0,0.0,1.0,39
27,Male,C10,Master,No,1,34020.0,218776.875,1.75,1024
30,Male,C9,College,No,1,49213.0,172807.5,1.375,224
35,Male,C26,Master,No,1,40099.0,429020.0,2.4285714285714284,612
29,Female,C1,College,No,1,59169.0,0.0,1.0,84
32,Male,C11,College,No,1,46860.0,0.0,1.0,53
41,Male,C29,College,No,1,28059.0,93805.0,1.0,291
23,Male,C20,Bachelor,No,1,40996.0,159702.0,1.0,135
36,Male,C14,Bachelor,No,1,52011.0,77960.0,1.0,91
35,Female,C2,Bachelor,No,1,21043.0,373081.1111111111,2.3333333333333335,224
31,Female,C20,Master,No,1,51181.0,0.0,1.0,176
41,Male,C17,College,No,1,12553.0,0.0,1.0,41
33,Male,C25,Bachelor,No,1,18642.0,0.0,1.0,144
49,Female,C23,Master,Yes,1,76531.0,266210.0,1.3333333333333333,448
35,Male,C7,Bachelor,No,1,56702.0,45420.0,1.0,84
24,Male,C4,Master,No,1,67394.0,275810.9090909091,1.5454545454545454,390
39,Male,C24,College,No,1,72499.0,0.0,1.0,191
22,Male,C28,College,No,1,48097.0,624320.0,2.6,382
30,Male,C20,Master,No,1,76425.0,223800.0,1.6,122
35,Female,C26,Master,No,1,28498.0,275136.0,2.0,128
31,Male,C21,College,No,1,74953.0,0.0,1.0,39
37,Male,C10,Bachelor,No,1,46345.0,0.0,1.0,149
34,Male,C5,College,No,1,54291.0,29066.666666666668,1.0,75
36,Male,C13,Bachelor,No,1,48436.0,409554.28571428574,2.2857142857142856,403
34,Male,C11,Bachelor,Yes,1,42408.0,496431.875,2.5,707
35,Male,C15,College,No,1,32523.0,0.0,1.0,56
24,Male,C14,Master,No,1,46866.0,162670.9090909091,1.2727272727272727,285
27,Female,C23,Bachelor,No,1,39471.0,0.0,1.0,121
34,Male,C6,Bachelor,Yes,1,98821.0,1358995.5555555555,1.8333333333333333,2560
26,Female,C27,Bachelor,No,1,54056.0,0.0,1.0,61
25,Male,C13,Master,No,1,58320.0,88480.0,1.0,121
27,Female,C16,College,No,1,85803.0,98720.0,1.0,140
28,Female,C10,College,No,1,60796.0,0.0,1.0,97
32,Male,C25,Bachelor,No,1,34692.0,429329.0,2.2,286
36,Female,C20,Master,No,1,59274.0,376966.25,2.0,448
33,Female,C22,Master,No,1,58203.0,0.0,1.0,295
23,Female,C1,Master,Yes,1,24906.0,179814.0,1.0,1111
44,Male,C4,Bachelor,Yes,1,53521.0,408307.5,2.375,1051
39,Female,C16,Bachelor,No,1,64781.0,164910.0,1.4285714285714286,179
33,Male,C3,Bachelor,No,1,58131.0,42464.0,1.0,119
24,Male,C25,Master,No,1,33239.0,627280.0,3.4,388
30,Male,C23,College,No,1,47050.0,133683.75,1.0,235
38,Female,C8,College,No,1,37709.0,0.0,1.0,204
33,Male,C20,Master,No,1,21746.0,103420.0,1.0,81
28,Male,C4,College,No,1,42234.0,186102.85714285713,1.4285714285714286,179
31,Female,C26,Master,No,1,36096.0,0.0,1.0,68
26,Male,C4,College,No,1,48890.0,112530.0,1.0,252
28,Male,C21,Master,No,1,51303.0,539861.6666666666,2.0,304
26,Female,C10,Master,Yes,1,74087.0,363598.4210526316,1.7894736842105263,781
42,Male,C6,College,Yes,1,66031.0,305892.85714285716,1.8571428571428572,424
28,Female,C21,College,No,1,72393.0,0.0,1.0,57
31,Male,C4,College,No,1,50370.0,0.0,1.0,25
23,Female,C7,Bachelor,No,1,17687.0,0.0,1.0,36
25,Male,C15,Bachelor,No,1,20590.0,171968.0,1.6,427
34,Male,C22,Master,No,1,46083.0,0.0,1.0,47
34,Male,C20,College,No,1,38619.0,93232.0,1.0,128
25,Male,C9,Bachelor,No,1,84806.0,132361.66666666666,1.5,156
35,Male,C29,Master,No,1,70252.0,481398.23529411765,2.176470588235294,479
39,Female,C23,Bachelor,Yes,1,100888.0,733365.0,2.125,2243
30,Female,C24,Master,No,1,46979.0,107210.0,1.0,114
27,Male,C28,College,No,1,56814.0,0.0,1.0,80
29,Male,C23,College,No,1,100412.0,130290.0,1.0,170
32,Female,C27,Bachelor,No,1,40198.0,96071.66666666667,1.0,222
37,Female,C20,Bachelor,No,1,67669.0,0.0,1.0,75
40,Female,C15,Bachelor,No,1,57975.0,447065.29411764705,2.1176470588235294,485
26,Male,C10,Master,No,1,92401.0,820787.7777777778,2.6666666666666665,262
33,Male,C18,Master,No,1,55473.0,0.0,1.0,74
27,Male,C5,Master,No,1,78564.0,272862.22222222225,1.3333333333333333,336
36,Female,C11,College,No,1,44146.0,0.0,1.0,42
36,Female,C29,Master,No,1,63181.0,416761.6666666667,1.5,1198
27,Female,C25,Master,No,1,21792.0,56195.0,1.0,144
37,Male,C11,Bachelor,No,1,39750.0,0.0,1.0,204
42,Female,C23,College,No,1,30999.0,0.0,1.0,243
34,Female,C3,Bachelor,No,1,80535.0,907745.0,3.25,108
21,Male,C27,College,No,1,42380.0,100013.0,1.1,281
25,Male,C18,Bachelor,No,1,47487.0,0.0,1.0,31
36,Female,C17,Master,No,1,46515.0,183303.33333333334,1.75,343
26,Female,C17,Master,No,1,42405.0,0.0,1.0,33
30,Female,C22,Master,No,1,50787.0,570240.0,2.7142857142857144,376
45,Male,C9,College,No,1,29915.0,0.0,1.0,119
39,Male,C24,Bachelor,No,1,22556.0,452946.6666666667,2.0,278
33,Male,C2,Bachelor,No,1,66035.0,388413.3333333333,1.9166666666666667,352
31,Male,C19,Master,No,1,58872.0,0.0,1.0,122
28,Male,C15,Bachelor,No,1,26053.0,0.0,1.0,47
33,Male,C26,Bachelor,No,1,48829.0,0.0,1.0,66
43,Male,C21,Master,Yes,1,139882.0,0.0,1.0,2294
41,Male,C9,Bachelor,No,1,65632.0,873770.9090909091,3.1818181818181817,561
29,Male,C17,Master,No,1,90421.0,20948.0,1.0,107
44,Male,C2,Master,Yes,1,117708.0,592248.1818181818,1.5454545454545454,1580
37,Male,C10,College,No,1,64855.0,139648.0,1.6,126
32,Male,C21,Bachelor,No,1,33442.0,0.0,1.0,53
32,Female,C2,College,No,1,21252.0,407482.0,2.0,205
32,Female,C16,Master,No,1,59928.0,33570.0,1.0,69
32,Female,C15,Bachelor,No,1,38992.0,0.0,1.0,28
30,Male,C9,Master,No,1,69166.0,0.0,1.0,108
52,Female,C22,College,No,1,40592.0,166666.66666666666,1.5,287
37,Male,C4,Master,No,1,41591.0,0.0,1.0,121
26,Male,C10,Master,No,1,47752.0,600063.8461538461,2.3076923076923075,377
30,Female,C4,Bachelor,No,1,19052.0,105632.5,1.375,198
26,Female,C22,Master,No,1,31743.0,130812.0,1.0,166
34,Male,C2,College,No,1,61065.0,125155.0,1.0,112
46,Female,C3,College,No,1,42604.0,0.0,1.0,60
22,Male,C13,Bachelor,Yes,1,68936.0,435065.71428571426,1.4285714285714286,318
40,Female,C24,Bachelor,No,1,39560.0,373476.25,2.125,327
34,Female,C28,Master,No,1,44707.0,64344.0,1.0,121
33,Female,C12,Master,No,1,86291.0,0.0,1.0,125
37,Male,C28,Bachelor,No,1,21270.0,208552.0,1.6,276
34,Female,C17,Master,No,1,59930.0,220905.0,1.0,1285
34,Male,C20,Master,No,1,40948.0,181225.0,1.0,1204
29,Male,C21,Bachelor,No,1,45665.0,38964.0,1.0,134
31,Female,C21,Bachelor,No,0,70778.0,135206.66666666666,1.0,54
28,Male,C22,Bachelor,No,1,74781.0,0.0,1.0,113
29,Male,C8,Bachelor,No,1,43989.0,0.0,1.0,159
28,Male,C16,Master,No,1,49533.0,0.0,1.0,31
44,Female,C26,Master,No,1,41723.0,359236.4285714286,2.2857142857142856,1576
26,Male,C29,College,No,1,42844.0,0.0,1.0,55
36,Female,C9,Master,No,1,42166.0,116836.0,1.0,435
32,Male,C4,Bachelor,No,1,44012.0,0.0,1.0,49
27,Male,C6,Bachelor,No,1,59352.0,0.0,1.0,82
31,Male,C14,College,Yes,1,52035.0,365648.6666666667,1.8,663
28,Female,C22,Master,No,1,27194.0,25000.0,1.0,154
40,Male,C25,Master,No,1,153766.0,0.0,1.0,1381
36,Male,C29,Master,No,1,42772.0,110682.85714285714,1.4285714285714286,242
33,Female,C5,Master,No,1,82046.0,327982.0,1.6,224
36,Female,C10,College,No,1,46480.0,72270.0,1.0,300
35,Female,C29,Bachelor,No,1,42813.0,193335.7142857143,1.4285714285714286,367
38,Male,C19,Bachelor,No,1,32871.0,68610.0,1.0,174
37,Male,C23,Bachelor,No,1,31809.0,388157.64705882355,2.0588235294117645,1473
32,Male,C11,Bachelor,No,1,55700.0,0.0,1.0,66
22,Male,C15,Bachelor,No,1,35943.0,41360.0,1.0,91
37,Female,C23,College,No,1,45604.0,0.0,1.0,46
38,Male,C1,Bachelor,Yes,1,70714.0,507584.6153846154,2.076923076923077,1364
38,Male,C25,Bachelor,No,1,50801.0,580698.75,2.625,1122
30,Male,C14,Master,No,1,52196.0,267563.75,1.75,291
35,Male,C17,College,No,1,55777.0,0.0,1.0,20
27,Male,C9,College,Yes,1,53105.0,0.0,1.0,739
43,Male,C25,Bachelor,No,1,64370.0,0.0,1.0,37
40,Male,C20,College,No,1,19371.0,385615.0,2.5,578
41,Male,C29,Master,No,1,101223.0,192236.0,1.0,101
29,Male,C25,Bachelor,No,1,50029.0,0.0,1.0,1291
39,Male,C22,College,No,1,11889.0,174770.0,1.6,272
35,Female,C24,Bachelor,No,1,47440.0,0.0,1.0,56
23,Female,C3,College,No,1,40437.0,384507.8947368421,2.4210526315789473,717
40,Female,C10,Bachelor,No,1,29450.0,0.0,1.0,84
28,Female,C8,Master,Yes,1,70246.0,496146.6666666667,2.1666666666666665,1400
30,Male,C20,College,No,1,25510.0,0.0,1.0,135
28,Male,C7,Bachelor,Yes,1,62955.0,48066.666666666664,1.0,1057
38,Male,C19,Bachelor,No,1,106428.0,0.0,1.0,180
35,Female,C20,College,No,1,90033.0,860121.5789473684,1.8421052631578947,2476
32,Male,C3,College,No,1,27262.0,0.0,1.0,101
48,Female,C17,Bachelor,No,1,82179.0,-45694.444444444445,1.0,588
32,Female,C19,Bachelor,No,1,54631.0,259950.0,1.6,216
31,Male,C7,Bachelor,No,1,59650.0,0.0,1.0,132
28,Female,C4,Master,No,1,61879.0,404775.55555555556,2.3333333333333335,881
24,Male,C5,Bachelor,No,1,33391.0,51052.857142857145,1.4285714285714286,177
34,Male,C2,College,No,1,20010.0,0.0,1.0,44
37,Female,C16,Bachelor,No,1,42339.0,138996.66666666666,1.0,421
34,Male,C8,College,No,1,22556.0,668130.0,2.5,501
58,Female,C24,Bachelor,No,1,29202.0,473014.28571428574,3.0,450
33,Male,C20,College,No,1,90020.0,193291.66666666666,1.5,169
27,Male,C6,Bachelor,No,1,23801.0,320597.5,1.75,342
30,Male,C16,Master,No,1,52209.0,0.0,1.0,128
23,Female,C18,College,No,1,20984.0,30088.0,1.0,109
32,Male,C25,Bachelor,Yes,1,110792.0,1052626.25,2.75,603
38,Male,C18,Bachelor,No,1,59077.0,28571.428571428572,1.0,162
32,Male,C19,College,No,1,62460.0,81184.0,1.0,105
35,Female,C1,Bachelor,No,1,28216.0,359907.82608695654,2.260869565217391,1136
31,Male,C16,Master,No,1,38152.0,129070.0,1.25,106
30,Female,C16,Bachelor,No,1,25357.0,230670.0,1.6,276
26,Male,C20,Master,No,1,103305.0,0.0,1.0,77
33,Female,C27,College,Yes,1,78441.0,675608.3333333334,1.75,1760
25,Female,C11,Bachelor,Yes,1,73207.0,735192.7777777778,2.6666666666666665,752
30,Female,C10,College,No,1,21935.0,155637.5,1.0,296
49,Female,C3,College,Yes,1,53572.0,681640.0,2.2,1381
29,Male,C17,Master,No,1,37067.0,0.0,1.0,127
33,Male,C5,College,No,1,85965.0,440270.0,2.2,138
35,Male,C3,College,No,1,70733.0,0.0,1.0,66
33,Female,C19,Master,No,1,81348.0,0.0,1.0,16
28,Female,C2,Master,No,1,43647.0,0.0,1.0,49
29,Female,C9,Bachelor,No,1,49336.0,130430.0,1.0,362
41,Female,C12,Master,No,1,68830.0,0.0,1.0,150
38,Female,C2,Bachelor,No,1,86246.0,0.0,1.0,37
25,Male,C26,Bachelor,No,1,41661.0,116632.0,1.0,127
36,Female,C20,Bachelor,No,1,101423.0,302434.0,1.0,325
39,Male,C11,Bachelor,Yes,1,57872.0,491790.8333333333,2.5,491
30,Male,C11,College,No,1,59644.0,418991.1111111111,2.0,337
24,Male,C26,College,No,1,16216.0,354465.71428571426,2.2857142857142856,371
33,Female,C15,Bachelor,Yes,1,73561.0,442335.55555555556,1.0,1577
28,Female,C27,Bachelor,No,1,62243.0,0.0,1.0,150
30,Female,C23,Bachelor,Yes,1,112722.0,490923.3333333333,2.0,130
43,Male,C24,College,Yes,0,91207.0,1177985.3846153845,2.8461538461538463,1522
32,Male,C8,Master,No,1,46043.0,0.0,1.0,154
34,Female,C9,Master,No,1,78164.0,58035.0,1.0,121
38,Male,C2,College,Yes,1,55943.0,444963.3333333333,1.5,307
32,Male,C25,Master,No,1,66742.0,121446.66666666667,1.5,129
34,Female,C24,Master,No,1,21154.0,58375.0,1.0,73
34,Female,C23,College,No,1,18291.0,360180.0,2.0,245
31,Male,C13,Master,No,1,51261.0,0.0,1.0,19
31,Female,C5,Master,No,1,67740.0,125200.0,1.0,77
30,Male,C12,College,Yes,1,49471.0,252656.0,1.6,1887
38,Female,C28,College,No,1,40142.0,0.0,1.0,342
34,Female,C29,Bachelor,No,1,30851.0,18333.333333333332,1.0,151
33,Female,C28,Master,No,1,57624.0,144656.42857142858,1.2142857142857142,396
31,Male,C20,College,No,1,40760.0,50540.0,1.0,118
30,Female,C2,Bachelor,Yes,1,62204.0,0.0,1.0,340
30,Male,C15,College,No,1,12895.0,0.0,1.0,192
24,Female,C1,College,No,1,25551.0,0.0,1.0,69
41,Male,C26,College,No,1,112934.0,87840.0,1.0,247
24,Male,C11,College,No,1,14761.0,120000.0,1.0,135
34,Female,C6,College,No,1,80980.0,0.0,1.0,66
36,Male,C14,Bachelor,No,1,21530.0,0.0,1.0,189
35,Male,C1,Bachelor,No,1,103102.0,326465.55555555556,1.6666666666666667,271
28,Male,C15,Master,No,1,34461.0,0.0,1.0,78
30,Female,C27,Bachelor,No,1,40435.0,651750.0,3.076923076923077,576
36,Female,C9,College,No,1,60982.0,0.0,1.0,150
31,Male,C6,Master,No,1,23566.0,0.0,1.0,111
32,Female,C18,Bachelor,No,1,21780.0,0.0,1.0,3
34,Female,C4,Master,No,1,103060.0,0.0,1.0,42
38,Male,C7,Master,No,1,37900.0,53455.0,1.0,278
29,Male,C28,Master,No,1,23334.0,66576.66666666667,1.0,146
33,Male,C2,Bachelor,No,1,49659.0,0.0,1.0,30
25,Female,C23,College,No,1,18770.0,0.0,1.0,54
34,Male,C19,Master,No,1,41798.0,0.0,1.0,109
32,Female,C25,College,No,1,71384.0,304508.0,1.3,295
34,Female,C1,College,No,1,65040.0,144639.0,1.3,257
32,Female,C10,College,No,1,35939.0,43218.57142857143,1.0,169
28,Female,C8,Master,No,1,80818.0,31896.0,1.0,107
24,Female,C4,College,No,1,33981.0,85761.42857142857,1.0,159
41,Male,C7,College,No,1,59902.0,0.0,1.0,109
31,Male,C20,Bachelor,No,1,67490.0,0.0,1.0,72
43,Male,C6,Master,No,1,39054.0,31040.0,1.0,128
30,Male,C27,Master,No,1,27774.0,0.0,1.0,28
34,Male,C10,Master,No,1,39612.0,0.0,1.0,38
33,Male,C28,Master,No,1,56687.0,58200.0,1.0,78
32,Female,C9,Bachelor,No,1,47102.0,411205.55555555556,2.0,462
36,Male,C6,College,No,1,71338.0,0.0,1.0,25
38,Male,C18,Master,No,1,23545.0,0.0,1.0,78
31,Male,C5,Master,No,1,31124.0,0.0,1.0,86
31,Male,C18,College,Yes,1,92847.0,535333.8461538461,1.9230769230769231,1053
32,Female,C3,College,No,1,63315.0,319356.6666666667,2.0,278
40,Male,C28,Bachelor,No,1,59097.0,150000.0,1.0,102
39,Male,C4,College,No,1,33901.0,289982.5,1.75,440
34,Female,C3,College,No,1,29642.0,0.0,1.0,122
42,Female,C26,College,Yes,1,56666.0,290631.4285714286,1.6428571428571428,1648
32,Female,C13,Master,No,1,43282.0,0.0,1.0,56
38,Male,C11,Master,No,1,131567.0,0.0,1.0,78
31,Female,C9,College,No,1,55276.0,88944.0,1.0,126
49,Female,C25,College,Yes,1,56150.0,332606.6666666667,1.5,1138
27,Male,C25,Master,No,1,46397.0,0.0,1.0,57
30,Male,C14,College,No,1,14113.0,227915.55555555556,1.6666666666666667,246
30,Male,C27,Master,No,1,87710.0,0.0,1.0,73
41,Female,C29,Bachelor,Yes,1,35133.0,696522.6315789474,2.736842105263158,1624
35,Male,C24,Master,No,1,67219.0,28746.666666666668,1.0,150
33,Female,C20,Bachelor,No,1,54214.0,220646.0,1.0,148
41,Male,C3,Bachelor,No,1,15189.0,0.0,1.0,229
33,Female,C7,Master,No,1,21346.0,109396.66666666667,1.0,1053
28,Male,C15,Master,No,1,55546.0,535310.0,2.3333333333333335,231
26,Female,C6,Bachelor,Yes,1,136960.0,907532.5,1.75,511
36,Female,C25,Master,No,1,43764.0,163536.0,1.6,263
39,Female,C17,Master,No,1,57225.0,232465.7142857143,1.4285714285714286,286
31,Male,C26,Bachelor,Yes,1,65298.0,153447.5,1.0,652
27,Female,C9,College,No,1,14820.0,207892.0,1.6,116
28,Male,C26,College,No,1,40366.0,368117.77777777775,1.8888888888888888,232
31,Female,C29,Master,No,1,43411.0,0.0,1.0,131
30,Female,C27,College,No,1,87010.0,0.0,1.0,59
42,Male,C24,Master,Yes,1,76562.0,533961.8181818182,2.272727272727273,432
33,Male,C26,Master,No,1,53750.0,0.0,1.0,160
38,Female,C8,College,No,1,47818.0,0.0,1.0,0
35,Male,C18,Master,No,1,53643.0,235414.0,2.2,1522
28,Male,C27,Master,No,1,29150.0,156533.33333333334,1.0,133
35,Male,C25,College,No,1,63888.0,700211.1111111111,2.6666666666666665,502
25,Male,C17,Bachelor,No,1,23711.0,171121.25,1.0,211
36,Male,C7,Master,No,1,167758.0,0.0,1.0,276
32,Female,C18,College,No,1,31097.0,33260.0,1.0,183
41,Male,C4,College,Yes,1,132505.0,1708632.3076923077,2.8461538461538463,1345
27,Male,C20,College,No,1,16676.0,208653.33333333334,1.6666666666666667,492
37,Male,C20,College,No,1,113256.0,0.0,1.0,83
35,Female,C14,Bachelor,No,1,77848.0,-44960.0,1.0,63
43,Female,C6,Master,Yes,1,109652.0,536634.7826086957,2.3043478260869565,1830
31,Male,C15,Bachelor,No,1,17648.0,0.0,1.0,65
39,Male,C10,Bachelor,No,1,112317.0,162717.5,1.0,100
32,Male,C24,Master,No,1,62380.0,201047.14285714287,1.2142857142857142,649
25,Female,C18,Master,No,1,27993.0,50475.0,1.0,93
38,Male,C28,Bachelor,No,1,58275.0,270720.0,1.5,1251
30,Male,C21,Bachelor,No,1,28890.0,0.0,1.0,61
33,Female,C15,Master,No,1,40281.0,0.0,1.0,16
27,Male,C21,College,No,1,12064.0,0.0,1.0,93
27,Male,C27,College,No,1,58259.0,40000.0,1.0,107
37,Female,C17,College,No,1,46832.0,0.0,1.0,91
52,Female,C1,Bachelor,Yes,1,56188.0,541070.0,1.7272727272727273,1493
30,Male,C29,Master,No,1,37214.0,0.0,1.0,82
28,Female,C13,College,No,1,13222.0,0.0,1.0,39
33,Male,C4,Master,No,1,100560.0,346286.6666666667,2.0,163
31,Female,C18,Bachelor,No,1,24429.0,250000.0,2.0,418
33,Female,C5,Master,No,1,51617.0,0.0,1.0,63
36,Male,C29,Master,No,1,63424.0,248618.46153846153,1.4615384615384615,374
25,Male,C25,College,Yes,1,44169.0,206355.55555555556,1.3333333333333333,667
36,Male,C21,Bachelor,No,1,90492.0,657312.3076923077,1.9230769230769231,575
23,Male,C10,Master,No,1,71138.0,0.0,1.0,50
32,Male,C18,Bachelor,No,1,90734.0,262180.0,1.7142857142857142,183
29,Female,C4,Bachelor,No,1,17481.0,0.0,1.0,200
23,Male,C21,College,No,1,23511.0,521133.07692307694,2.6153846153846154,733
24,Male,C28,Bachelor,Yes,1,99691.0,1224305.0,1.8333333333333333,1080
42,Male,C24,College,No,1,58577.0,263952.22222222225,2.0,372
38,Male,C21,Bachelor,No,1,33343.0,247675.0,1.75,252
32,Female,C9,Master,No,1,85831.0,67472.5,1.0,92
26,Female,C12,Master,No,1,36191.0,25000.0,1.0,154
30,Male,C2,College,No,1,42551.0,0.0,1.0,59
34,Male,C20,College,No,1,19183.0,0.0,1.0,78
28,Female,C1,College,No,1,63182.0,0.0,1.0,129
33,Male,C14,Bachelor,No,1,99858.0,553470.0,2.5,93
30,Male,C27,Bachelor,No,1,55723.0,719091.1111111111,2.5,830
27,Male,C24,College,No,1,55344.0,0.0,1.0,67
33,Male,C25,Master,No,1,36682.0,47176.0,1.0,211
34,Male,C10,Bachelor,No,1,44188.0,0.0,1.0,31
35,Male,C12,Master,No,1,99515.0,881591.25,2.75,223
33,Male,C19,Bachelor,No,1,89269.0,35714.28571428572,1.0,208
25,Female,C2,Master,No,1,68294.0,323691.4285714286,2.2857142857142856,617
45,Female,C2,Master,No,1,44041.0,274546.6666666667,1.6666666666666667,589
36,Male,C16,College,No,1,47251.0,0.0,1.0,100
35,Male,C2,Bachelor,No,1,58626.0,71720.0,1.1428571428571428,183
39,Male,C13,Master,No,1,51616.0,174077.64705882352,1.7058823529411764,717
35,Female,C6,Master,No,1,74360.0,1048392.7272727273,2.909090909090909,311
27,Male,C14,College,Yes,1,65958.0,1580600.9090909092,2.6363636363636362,493
36,Female,C23,Bachelor,No,1,40775.0,303000.0,2.5,885
25,Female,C25,Bachelor,No,1,29052.0,362043.3333333333,2.0,141
25,Male,C20,Master,No,1,62242.0,72750.0,1.0,106
35,Female,C28,Master,Yes,1,59644.0,858753.3333333334,2.8333333333333335,932
50,Female,C19,Master,Yes,1,40013.0,907781.4285714285,3.142857142857143,1369
31,Female,C3,College,No,1,25228.0,283907.5,1.9375,517
27,Male,C17,Bachelor,No,1,75458.0,0.0,1.0,55
31,Female,C7,College,No,1,30212.0,156286.25,1.375,216
30,Female,C20,College,No,1,91020.0,0.0,1.0,134
35,Female,C13,College,No,1,71761.0,0.0,1.0,56
32,Female,C20,Master,No,1,70395.0,0.0,1.0,122
33,Male,C15,Bachelor,No,1,18173.0,112430.0,1.0,213
26,Male,C23,Master,No,1,59536.0,0.0,1.0,128
37,Male,C11,Master,Yes,1,64254.0,424596.6666666667,1.5,378
38,Female,C28,Bachelor,No,1,118773.0,254253.33333333334,1.5,153
41,Male,C1,Master,Yes,1,130752.0,1006412.8571428572,1.4285714285714286,1887
27,Male,C10,College,Yes,1,125576.0,849440.0,2.6666666666666665,1216
31,Male,C16,Master,No,1,33169.0,58494.0,1.0,129
45,Male,C15,Master,No,1,115152.0,150362.85714285713,1.0,208
37,Female,C13,Bachelor,Yes,1,67049.0,436060.0,1.0,1974
30,Male,C18,College,No,1,34556.0,338000.0,1.3333333333333333,1487
23,Female,C16,College,No,1,18224.0,375072.0,2.2,111
25,Male,C5,College,No,1,16206.0,131820.9090909091,1.2727272727272727,316
45,Female,C24,Bachelor,No,1,37521.0,162542.0,1.0,136
40,Male,C27,College,No,1,31816.0,107295.71428571429,1.4285714285714286,184
27,Female,C29,Bachelor,Yes,1,137450.0,698875.0,1.7,1822
38,Male,C20,Master,No,1,90090.0,315460.0,2.0,155
32,Male,C23,Bachelor,No,1,47678.0,78754.0,1.0,115
39,Female,C13,Master,No,1,38706.0,33946.666666666664,1.0,155
29,Female,C15,College,No,1,37039.0,180573.75,1.75,213
34,Male,C19,College,No,1,14776.0,114550.0,1.0,95
31,Male,C22,College,No,1,67667.0,0.0,1.0,86
43,Male,C22,College,Yes,1,44884.0,453284.1666666667,2.0,953
37,Male,C19,College,Yes,0,77399.0,498996.1111111111,2.5,703
31,Female,C17,College,No,1,34569.0,0.0,1.0,173
33,Female,C26,Bachelor,No,1,54019.0,46368.0,1.0,126
38,Male,C14,College,No,1,23166.0,685860.0,3.0,582
37,Female,C13,College,Yes,1,116077.0,1652720.5,2.55,2039
25,Male,C7,Master,No,1,64168.0,150000.0,1.5,140
36,Male,C19,Bachelor,No,1,29962.0,415605.71428571426,2.5,640
46,Male,C25,Master,No,1,96053.0,0.0,1.0,132
30,Male,C22,Master,Yes,1,47301.0,317111.6666666667,1.5,731
31,Male,C22,College,No,1,128520.0,136282.5,1.0,199
38,Male,C20,College,No,1,53880.0,560871.5384615385,3.076923076923077,1589
23,Male,C9,Master,No,1,26766.0,0.0,1.0,9
44,Female,C5,College,Yes,1,65990.0,329767.36842105264,1.631578947368421,1466
38,Female,C26,College,No,1,52321.0,41580.0,1.0,102
22,Male,C8,College,No,1,42059.0,0.0,1.0,42
25,Male,C15,College,No,1,37888.0,80833.33333333333,1.0,78
28,Male,C13,Bachelor,No,1,50141.0,0.0,1.0,62
25,Female,C3,Master,No,1,37046.0,37930.0,1.0,77
46,Male,C23,Bachelor,No,1,50326.0,1066595.0,2.5,103
42,Female,C29,Bachelor,No,1,29462.0,206977.27272727274,1.5454545454545454,314
44,Male,C16,College,No,1,18799.0,474513.9130434783,2.5652173913043477,1927
26,Male,C4,College,No,1,24676.0,0.0,1.0,126
31,Female,C4,Bachelor,No,1,20983.0,236968.0,1.6,206
31,Female,C28,Bachelor,No,1,18469.0,0.0,1.0,91
33,Female,C23,Master,No,1,52222.0,224211.11111111112,1.6666666666666667,259
28,Male,C11,College,No,1,53554.0,0.0,1.0,87
35,Male,C20,Master,No,1,21364.0,62500.0,1.0,309
34,Male,C3,College,Yes,1,76805.0,783642.5,2.5,1556
35,Female,C18,College,Yes,1,111600.0,595197.7777777778,1.3333333333333333,1400
32,Male,C20,Master,No,1,69003.0,671594.6666666666,2.4,449
36,Female,C20,Master,No,1,102822.0,0.0,1.0,46
26,Male,C7,Bachelor,No,1,33058.0,456010.0,2.5,164
41,Female,C14,College,No,1,26460.0,420085.55555555556,2.0,1583
36,Male,C4,College,No,1,17566.0,0.0,1.0,99
24,Male,C24,College,No,1,15482.0,186938.57142857142,1.4285714285714286,176
36,Female,C5,Master,No,1,50158.0,0.0,1.0,131
39,Female,C2,Master,Yes,1,110829.0,179150.0,1.0,2116
41,Male,C8,Bachelor,No,1,99300.0,0.0,1.0,100
24,Male,C8,College,No,1,21993.0,79193.33333333333,1.0,276
40,Male,C17,Bachelor,No,1,21636.0,190752.0,1.6,135
32,Male,C16,College,No,1,79797.0,35760.0,1.0,98
23,Female,C15,Master,No,1,46604.0,0.0,1.0,79
41,Male,C13,Bachelor,No,1,56478.0,0.0,1.0,59
29,Female,C5,College,No,1,63004.0,0.0,1.0,169
31,Male,C15,Master,No,1,81792.0,44873.333333333336,1.0,353
27,Male,C16,Bachelor,No,1,53320.0,205842.72727272726,1.2727272727272727,281
27,Female,C20,Master,No,1,57164.0,156080.0,1.4285714285714286,210
35,Female,C20,Bachelor,No,1,38829.0,0.0,1.0,89
41,Female,C9,Bachelor,No,1,68473.0,569161.25,2.125,392
32,Female,C12,Bachelor,Yes,1,87954.0,637135.4545454546,2.6363636363636362,1566
27,Male,C2,Bachelor,No,1,30083.0,313978.75,2.125,430
27,Male,C5,Master,No,1,28949.0,41755.0,1.0,496
25,Female,C21,College,No,1,14034.0,0.0,1.0,103
37,Male,C26,Master,Yes,1,56808.0,593426.0,2.5,1832
26,Male,C7,Master,No,1,62716.0,1061298.75,3.25,369
25,Male,C11,College,No,1,65507.0,0.0,1.0,74
41,Male,C15,College,No,1,19724.0,366215.0,1.75,592
36,Female,C17,Bachelor,No,1,24985.0,0.0,1.0,129
29,Male,C8,College,No,1,19447.0,705928.3333333334,2.5,259
28,Male,C5,College,No,1,17044.0,0.0,1.0,214
44,Male,C8,College,Yes,1,62354.0,402731.6666666667,2.0,669
36,Male,C12,College,No,1,55601.0,0.0,1.0,20
45,Male,C5,Bachelor,No,1,38047.0,471927.36842105264,2.4210526315789473,554
39,Male,C7,Master,No,1,69098.0,686483.8461538461,2.8461538461538463,1260
48,Male,C22,College,No,1,38788.0,593055.0,2.625,340
33,Male,C11,Master,No,1,62292.0,321086.0,1.8,397
32,Female,C15,College,No,1,40216.0,0.0,1.0,48
35,Male,C10,Master,No,1,23955.0,54201.666666666664,1.0,150
34,Female,C6,Bachelor,No,1,77739.0,0.0,1.0,19
34,Female,C6,College,No,1,23641.0,0.0,1.0,45
33,Female,C3,Bachelor,Yes,1,68037.0,704985.0,2.0714285714285716,1476
31,Male,C7,Bachelor,No,1,26716.0,0.0,1.0,98
36,Female,C17,Master,No,1,22719.0,0.0,1.0,77
28,Male,C6,Bachelor,No,1,69153.0,0.0,1.0,49
40,Male,C1,Bachelor,Yes,1,103568.0,629186.6666666666,1.2,2325
35,Female,C24,Bachelor,No,1,114637.0,0.0,1.0,51
28,Female,C11,Bachelor,Yes,1,64610.0,78992.85714285714,1.0,850
29,Male,C7,Bachelor,No,1,68500.0,392900.0,2.5,170
34,Male,C13,Master,No,1,40608.0,0.0,1.0,108
25,Male,C21,Bachelor,No,1,42400.0,37400.0,1.0,196
28,Male,C9,Bachelor,No,1,61670.0,67590.0,1.0,82
42,Male,C6,College,No,1,102345.0,426479.1666666667,1.25,346
48,Female,C6,Bachelor,No,1,81055.0,283726.0,1.6,180
41,Female,C1,Bachelor,No,0,101984.0,142000.0,1.0,120
24,Male,C25,Master,Yes,1,43753.0,225556.0,1.6,810
31,Female,C16,College,No,1,21445.0,467661.6666666667,1.5,358
29,Male,C29,Bachelor,No,1,65156.0,331181.4285714286,1.8571428571428572,192
24,Male,C7,College,No,1,58571.0,169582.3076923077,1.6923076923076923,620
38,Female,C20,Master,No,1,69776.0,124490.0,1.375,231
35,Male,C15,College,No,1,77535.0,0.0,1.0,16
36,Female,C23,Bachelor,Yes,1,99907.0,379618.5714285714,1.0,1061
29,Male,C20,College,No,1,52912.0,0.0,1.0,96
26,Male,C21,Bachelor,No,1,58892.0,0.0,1.0,45
33,Male,C25,College,No,1,50306.0,40866.0,1.0,122
25,Male,C14,Bachelor,No,1,64281.0,0.0,1.0,79
34,Male,C20,College,No,1,55845.0,0.0,1.0,99
38,Male,C16,College,No,1,27572.0,86560.0,1.0,142
33,Male,C12,Bachelor,No,1,29442.0,0.0,1.0,70
36,Male,C16,College,No,1,76463.0,661455.3846153846,2.3846153846153846,384
25,Male,C24,College,No,1,12860.0,0.0,1.0,105
31,Female,C17,Master,No,1,37940.0,0.0,1.0,142
38,Male,C5,Bachelor,No,1,59562.0,0.0,1.0,109
38,Female,C17,College,No,1,39404.0,0.0,1.0,105
30,Female,C7,College,No,1,100722.0,65083.333333333336,1.0,154
32,Female,C9,Master,No,1,23582.0,75000.0,1.0,96
31,Female,C29,Bachelor,No,1,38744.0,277925.3333333333,1.9333333333333333,408
35,Female,C20,Master,No,1,61569.0,91650.0,1.0,123
29,Male,C7,Bachelor,No,1,27634.0,150959.16666666666,1.5,350
43,Female,C6,College,No,1,14375.0,151020.0,1.0,161
38,Male,C7,College,No,1,50168.0,227241.66666666666,1.25,337
42,Female,C1,Master,No,1,47303.0,0.0,1.0,138
37,Female,C27,Master,No,1,37944.0,235201.42857142858,2.2857142857142856,179
25,Male,C28,Master,No,1,45675.0,131333.33333333334,1.0,175
42,Female,C22,Master,Yes,1,27828.0,417664.0,2.2,814
31,Female,C12,College,Yes,1,53480.0,478830.71428571426,1.8571428571428572,1337
29,Male,C10,Master,No,1,56659.0,0.0,1.0,77
38,Female,C10,Bachelor,No,1,49165.0,0.0,1.0,58
31,Male,C16,Bachelor,No,1,19037.0,50030.0,1.0,224
27,Female,C23,Master,No,1,68957.0,0.0,1.0,49
27,Female,C8,Bachelor,No,1,41730.0,0.0,1.0,177
23,Male,C17,College,No,1,23068.0,457376.92307692306,2.8461538461538463,485
34,Male,C9,Bachelor,No,1,32108.0,0.0,1.0,62
28,Male,C1,Bachelor,No,1,22217.0,203826.66666666666,2.0,247
41,Female,C15,College,No,1,128906.0,16705.714285714286,1.0,379
33,Male,C26,Bachelor,No,1,46734.0,0.0,1.0,111
32,Female,C8,College,No,1,36284.0,0.0,1.0,58
38,Female,C14,College,No,1,50048.0,0.0,1.0,27
27,Male,C28,Bachelor,No,1,66132.0,0.0,1.0,83
31,Male,C17,Master,No,1,53115.0,348932.22222222225,2.0,1409
36,Male,C11,Bachelor,No,1,78445.0,0.0,1.0,71
37,Male,C24,Master,No,1,56848.0,169316.25,1.375,206
32,Male,C26,Bachelor,No,1,69141.0,118044.0,1.0,136
29,Male,C17,Bachelor,No,1,82260.0,501860.0,2.5,431
31,Female,C20,College,No,1,51471.0,0.0,1.0,140
40,Male,C1,Bachelor,No,1,52682.0,1015987.5,2.5,346
26,Male,C18,Bachelor,No,1,38809.0,0.0,1.0,144
35,Female,C21,Bachelor,Yes,1,53793.0,1048504.5833333334,2.875,2582
30,Female,C1,Master,Yes,1,80138.0,427655.0,1.5,1120
22,Female,C26,College,Yes,1,51670.0,356970.0,1.6,690
36,Male,C19,College,No,1,35607.0,70425.0,1.375,197
40,Male,C15,Bachelor,No,1,42313.0,612001.4285714285,2.7142857142857144,364
27,Female,C27,Bachelor,No,1,54397.0,0.0,1.0,91
28,Male,C26,College,No,1,95133.0,0.0,1.0,19
26,Male,C19,Bachelor,No,1,29582.0,0.0,1.0,92
34,Female,C9,College,No,1,12105.0,0.0,1.0,61
44,Male,C19,College,No,1,35370.0,312787.77777777775,1.6666666666666667,419
28,Female,C20,Master,No,1,69498.0,162971.66666666666,1.5,335
